device_a_id,device_b_id,protocol_overlap,ecosystem_overlap,same_brand,hub_conflict,cloud_compatible,category_synergy,both_hub_required,total_protocols,total_ecosystems,device_a_category,device_b_category,device_a_hub_required,device_b_hub_required,device_a_cloud_required,device_b_cloud_required,compatibility_label
1,2,1.0,1.0,0,0,1,0.8,0,2,3,security,lighting,0,1,0,0,2
1,3,0.5,1.0,0,0,1,0.4,0,2,3,security,climate,0,0,0,1,2
1,4,0.3333,1.0,0,0,1,1.0,0,3,3,security,security,0,0,0,0,2
1,5,0.3333,1.0,0,0,1,0.4,0,3,3,security,audio,0,0,0,1,2
1,6,0.3333,1.0,0,0,1,0.4,0,3,3,security,comfort,0,0,0,0,2
1,7,0.5,1.0,1,0,1,1.0,0,2,3,security,security,0,1,0,0,2
1,8,0.5,1.0,0,0,1,0.8,0,2,3,security,lighting,0,0,0,0,2
1,9,0.5,1.0,0,0,1,0.4,0,2,3,security,climate,0,0,0,1,2
1,10,0.5,0.3333,0,0,1,1.0,0,2,3,security,security,0,0,0,1,1
1,11,0.5,1.0,1,0,1,0.7,0,2,3,security,energy,0,1,0,0,2
1,12,0.3333,0.3333,0,0,1,0.4,0,3,3,security,audio,0,0,0,1,1
1,13,0.3333,0.3333,0,0,1,0.4,0,3,3,security,audio,0,0,0,1,1
1,14,0.0,0.3333,0,0,1,1.0,0,3,3,security,security,0,0,0,0,0
1,15,0.5,1.0,0,0,1,0.8,0,2,3,security,lighting,0,0,0,0,2
1,16,0.5,1.0,0,0,1,0.4,0,2,3,security,comfort,0,0,0,0,2
1,17,0.5,1.0,1,0,1,1.0,0,2,3,security,security,0,1,0,0,2
1,18,0.5,0.6667,0,0,1,0.4,0,2,3,security,comfort,0,0,0,0,1
1,19,0.5,1.0,0,0,1,0.9,0,2,3,security,access,0,0,0,0,2
1,20,0.5,0.6667,0,0,1,0.8,0,2,3,security,lighting,0,0,0,0,2
1,100,0.0,1.0,0,0,1,0.4,0,3,3,security,comfort,0,0,0,0,1
1,101,0.0,0.3333,0,0,1,0.7,0,4,3,security,energy,0,1,0,0,0
1,102,1.0,0.6667,0,0,1,0.9,0,2,3,security,access,0,0,0,1,2
1,103,0.0,0.3333,0,0,1,0.8,0,4,3,security,lighting,0,1,0,0,0
1,104,0.5,1.0,0,0,1,0.8,0,2,3,security,lighting,0,1,0,1,2
1,105,0.0,1.0,0,0,1,0.7,0,4,3,security,energy,0,0,0,0,1
1,106,0.3333,1.0,0,0,1,1.0,0,3,3,security,security,0,0,0,0,2
1,107,0.0,0.3333,0,0,1,0.4,0,3,3,security,climate,0,1,0,1,0
1,108,0.3333,0.6667,0,0,1,0.9,0,3,3,security,access,0,0,0,1,1
1,109,0.3333,1.0,0,0,1,0.9,0,3,3,security,access,0,1,0,0,2
1,110,1.0,0.6667,0,0,1,0.7,0,2,3,security,energy,0,0,0,1,2
1,111,0.6667,1.0,0,0,1,0.4,0,3,3,security,audio,0,0,0,1,2
1,112,0.0,0.3333,0,0,1,1.0,0,3,3,security,security,0,1,0,0,0
1,113,0.0,0.6667,0,0,1,0.4,0,3,3,security,audio,0,0,0,0,1
1,114,0.5,1.0,0,0,1,0.4,0,2,3,security,audio,0,1,0,0,2
1,115,0.25,0.6667,0,0,1,0.9,0,4,3,security,access,0,0,0,0,1
1,116,1.0,1.0,0,0,1,0.4,0,2,3,security,audio,0,0,0,0,2
1,117,0.0,0.3333,1,0,1,0.9,0,4,3,security,access,0,0,0,1,1
1,118,0.0,0.3333,0,0,1,1.0,0,3,3,security,security,0,0,0,1,0
1,119,0.5,0.6667,0,0,1,0.4,0,2,3,security,climate,0,0,0,0,1
1,120,0.5,1.0,0,0,1,0.7,0,2,3,security,energy,0,1,0,0,2
1,121,0.3333,0.3333,0,0,1,0.9,0,3,3,security,access,0,0,0,0,1
1,122,0.0,1.0,0,0,1,0.4,0,4,3,security,climate,0,0,0,0,1
1,123,0.0,1.0,0,0,1,1.0,0,4,3,security,security,0,0,0,0,1
1,124,0.25,0.6667,0,0,1,0.4,0,4,3,security,audio,0,0,0,0,2
1,125,0.3333,1.0,0,0,1,0.7,0,3,3,security,energy,0,0,0,1,1
1,126,0.0,0.6667,0,0,1,0.9,0,4,3,security,access,0,0,0,0,1
1,127,1.0,1.0,0,0,1,0.7,0,2,3,security,energy,0,0,0,1,2
1,128,0.0,0.3333,0,0,1,0.4,0,3,3,security,audio,0,1,0,1,0
1,129,0.5,0.3333,0,0,1,0.4,0,2,3,security,climate,0,0,0,0,1
2,3,0.5,1.0,0,1,1,0.4,0,2,3,lighting,climate,1,0,0,1,2
2,4,0.3333,1.0,0,1,1,0.8,0,3,3,lighting,security,1,0,0,0,1
2,5,0.3333,1.0,0,1,1,0.7,0,3,3,lighting,audio,1,0,0,1,1
2,6,0.3333,1.0,0,1,1,0.8,0,3,3,lighting,comfort,1,0,0,0,1
2,7,0.5,1.0,0,0,1,0.8,1,2,3,lighting,security,1,1,0,0,2
2,8,0.5,1.0,0,1,1,0.9,0,2,3,lighting,lighting,1,0,0,0,1
2,9,0.5,1.0,0,1,1,0.4,0,2,3,lighting,climate,1,0,0,1,1
2,10,0.5,0.3333,0,1,1,0.8,0,2,3,lighting,security,1,0,0,1,1
2,11,0.5,1.0,0,0,1,0.4,1,2,3,lighting,energy,1,1,0,0,2
2,12,0.3333,0.3333,0,1,1,0.7,0,3,3,lighting,audio,1,0,0,1,0
2,13,0.3333,0.3333,0,1,1,0.7,0,3,3,lighting,audio,1,0,0,1,0
2,14,0.0,0.3333,0,1,1,0.8,0,3,3,lighting,security,1,0,0,0,0
2,15,0.5,1.0,0,1,1,0.9,0,2,3,lighting,lighting,1,0,0,0,1
2,16,0.5,1.0,0,1,1,0.8,0,2,3,lighting,comfort,1,0,0,0,1
2,17,0.5,1.0,0,0,1,0.8,1,2,3,lighting,security,1,1,0,0,2
2,18,0.5,0.6667,0,1,1,0.8,0,2,3,lighting,comfort,1,0,0,0,1
2,19,0.5,1.0,0,1,1,0.4,0,2,3,lighting,access,1,0,0,0,1
2,20,0.5,0.6667,0,1,1,0.9,0,2,3,lighting,lighting,1,0,0,0,1
2,100,0.0,1.0,0,1,1,0.8,0,3,3,lighting,comfort,1,0,0,0,1
2,101,0.0,0.3333,0,0,1,0.4,1,4,3,lighting,energy,1,1,0,0,0
2,102,1.0,0.6667,0,0,1,0.4,0,2,3,lighting,access,1,0,0,1,2
2,103,0.0,0.3333,0,0,1,0.9,1,4,3,lighting,lighting,1,1,0,0,0
2,104,0.5,1.0,0,0,1,0.9,1,2,3,lighting,lighting,1,1,0,1,2
2,105,0.0,1.0,0,1,1,0.4,0,4,3,lighting,energy,1,0,0,0,0
2,106,0.3333,1.0,0,0,1,0.8,0,3,3,lighting,security,1,0,0,0,2
2,107,0.0,0.3333,0,0,1,0.4,1,3,3,lighting,climate,1,1,0,1,0
2,108,0.3333,0.6667,0,1,1,0.4,0,3,3,lighting,access,1,0,0,1,1
2,109,0.3333,1.0,0,0,1,0.4,1,3,3,lighting,access,1,1,0,0,1
2,110,1.0,0.6667,0,0,1,0.4,0,2,3,lighting,energy,1,0,0,1,2
2,111,0.6667,1.0,0,0,1,0.7,0,3,3,lighting,audio,1,0,0,1,1
2,112,0.0,0.3333,0,0,1,0.8,1,3,3,lighting,security,1,1,0,0,0
2,113,0.0,0.6667,0,1,1,0.7,0,3,3,lighting,audio,1,0,0,0,0
2,114,0.5,1.0,1,0,1,0.7,1,2,3,lighting,audio,1,1,0,0,2
2,115,0.25,0.6667,0,0,1,0.4,0,4,3,lighting,access,1,0,0,0,1
2,116,1.0,1.0,0,0,1,0.7,0,2,3,lighting,audio,1,0,0,0,2
2,117,0.0,0.3333,0,1,1,0.4,0,4,3,lighting,access,1,0,0,1,0
2,118,0.0,0.3333,0,1,1,0.8,0,3,3,lighting,security,1,0,0,1,0
2,119,0.5,0.6667,0,0,1,0.4,0,2,3,lighting,climate,1,0,0,0,1
2,120,0.5,1.0,0,0,1,0.4,1,2,3,lighting,energy,1,1,0,0,2
2,121,0.3333,0.3333,0,0,1,0.4,0,3,3,lighting,access,1,0,0,0,1
2,122,0.0,1.0,0,1,1,0.4,0,4,3,lighting,climate,1,0,0,0,0
2,123,0.0,1.0,0,1,1,0.8,0,4,3,lighting,security,1,0,0,0,1
2,124,0.25,0.6667,0,0,1,0.7,0,4,3,lighting,audio,1,0,0,0,1
2,125,0.3333,1.0,0,1,1,0.4,0,3,3,lighting,energy,1,0,0,1,1
2,126,0.0,0.6667,0,1,1,0.4,0,4,3,lighting,access,1,0,0,0,0
2,127,1.0,1.0,0,0,1,0.4,0,2,3,lighting,energy,1,0,0,1,2
2,128,0.0,0.3333,0,0,1,0.7,1,3,3,lighting,audio,1,1,0,1,0
2,129,0.5,0.3333,0,1,1,0.4,0,2,3,lighting,climate,1,0,0,0,0
3,4,0.5,1.0,0,0,1,0.4,0,2,3,climate,security,0,0,1,0,2
3,5,0.5,1.0,0,0,0,0.4,0,2,3,climate,audio,0,0,1,1,1
3,6,0.5,1.0,0,0,1,0.7,0,2,3,climate,comfort,0,0,1,0,2
3,7,0.0,1.0,0,1,1,0.4,0,2,3,climate,security,0,1,1,0,0
3,8,1.0,1.0,0,0,1,0.4,0,1,3,climate,lighting,0,0,1,0,1
3,9,1.0,1.0,0,0,0,0.4,0,1,3,climate,climate,0,0,1,1,2
3,10,1.0,0.3333,0,0,0,0.4,0,1,3,climate,security,0,0,1,1,1
3,11,0.0,1.0,0,1,1,0.9,0,2,3,climate,energy,0,1,1,0,1
3,12,0.5,0.3333,0,0,0,0.4,0,2,3,climate,audio,0,0,1,1,1
3,13,0.5,0.3333,0,0,0,0.4,0,2,3,climate,audio,0,0,1,1,1
3,14,0.0,0.3333,0,0,1,0.4,0,2,3,climate,security,0,0,1,0,0
3,15,1.0,1.0,0,0,1,0.4,0,1,3,climate,lighting,0,0,1,0,2
3,16,1.0,1.0,0,0,1,0.7,0,1,3,climate,comfort,0,0,1,0,2
3,17,0.0,1.0,0,1,1,0.4,0,2,3,climate,security,0,1,1,0,0
3,18,1.0,0.6667,0,0,1,0.7,0,1,3,climate,comfort,0,0,1,0,2
3,19,1.0,1.0,0,0,1,0.4,0,1,3,climate,access,0,0,1,0,2
3,20,1.0,0.6667,0,0,1,0.4,0,1,3,climate,lighting,0,0,1,0,2
3,100,0.0,1.0,0,0,1,0.7,0,2,3,climate,comfort,0,0,1,0,1
3,101,0.0,0.3333,0,0,1,0.9,0,3,3,climate,energy,0,1,1,0,0
3,102,0.5,0.6667,0,0,0,0.4,0,2,3,climate,access,0,0,1,1,1
3,103,0.0,0.3333,0,0,1,0.4,0,3,3,climate,lighting,0,1,1,0,0
3,104,1.0,1.0,0,0,0,0.4,0,1,3,climate,lighting,0,1,1,1,2
3,105,0.0,1.0,0,0,1,0.9,0,3,3,climate,energy,0,0,1,0,1
3,106,0.0,1.0,0,0,1,0.4,0,3,3,climate,security,0,0,1,0,1
3,107,0.0,0.3333,0,0,0,0.4,0,2,3,climate,climate,0,1,1,1,0
3,108,0.5,0.6667,0,0,0,0.4,0,2,3,climate,access,0,0,1,1,1
3,109,0.0,1.0,0,1,1,0.4,0,3,3,climate,access,0,1,1,0,0
3,110,0.5,0.6667,0,0,0,0.9,0,2,3,climate,energy,0,0,1,1,1
3,111,0.3333,1.0,0,0,0,0.4,0,3,3,climate,audio,0,0,1,1,1
3,112,0.0,0.3333,0,0,1,0.4,0,2,3,climate,security,0,1,1,0,0
3,113,0.0,0.6667,0,0,1,0.4,0,2,3,climate,audio,0,0,1,0,1
3,114,0.0,1.0,0,1,1,0.4,0,2,3,climate,audio,0,1,1,0,1
3,115,0.0,0.6667,0,0,1,0.4,0,4,3,climate,access,0,0,1,0,1
3,116,0.5,1.0,0,0,1,0.4,0,2,3,climate,audio,0,0,1,0,2
3,117,0.0,0.3333,0,0,0,0.4,0,3,3,climate,access,0,0,1,1,0
3,118,0.0,0.3333,0,0,0,0.4,0,2,3,climate,security,0,0,1,1,0
3,119,0.0,0.6667,0,0,1,0.4,0,2,3,climate,climate,0,0,1,0,1
3,120,1.0,1.0,0,0,1,0.9,0,1,3,climate,energy,0,1,1,0,2
3,121,0.0,0.3333,0,0,1,0.4,0,3,3,climate,access,0,0,1,0,0
3,122,0.0,1.0,0,0,1,0.4,0,3,3,climate,climate,0,0,1,0,1
3,123,0.0,1.0,0,0,1,0.4,0,3,3,climate,security,0,0,1,0,1
3,124,0.0,0.6667,1,0,1,0.4,0,4,3,climate,audio,0,0,1,0,1
3,125,0.5,1.0,1,0,0,0.9,0,2,3,climate,energy,0,0,1,1,2
3,126,0.0,0.6667,0,0,1,0.4,0,3,3,climate,access,0,0,1,0,1
3,127,0.5,1.0,0,0,0,0.9,0,2,3,climate,energy,0,0,1,1,2
3,128,0.0,0.3333,0,0,0,0.4,0,2,3,climate,audio,0,1,1,1,0
3,129,1.0,0.3333,0,0,1,0.4,0,1,3,climate,climate,0,0,1,0,2
4,5,1.0,1.0,0,0,1,0.4,0,2,3,security,audio,0,0,0,1,2
4,6,1.0,1.0,0,0,1,0.4,0,2,3,security,comfort,0,0,0,0,2
4,7,0.0,1.0,0,1,1,1.0,0,3,3,security,security,0,1,0,0,1
4,8,0.5,1.0,0,0,1,0.8,0,2,3,security,lighting,0,0,0,0,2
4,9,0.5,1.0,0,0,1,0.4,0,2,3,security,climate,0,0,0,1,2
4,10,0.5,0.3333,0,0,1,1.0,0,2,3,security,security,0,0,0,1,1
4,11,0.0,1.0,0,1,1,0.7,0,3,3,security,energy,0,1,0,0,1
4,12,1.0,0.3333,0,0,1,0.4,0,2,3,security,audio,0,0,0,1,2
4,13,1.0,0.3333,0,0,1,0.4,0,2,3,security,audio,0,0,0,1,2
4,14,0.5,0.3333,0,0,1,1.0,0,2,3,security,security,0,0,0,0,1
4,15,0.5,1.0,0,0,1,0.8,0,2,3,security,lighting,0,0,0,0,2
4,16,0.5,1.0,0,0,1,0.4,0,2,3,security,comfort,0,0,0,0,1
4,17,0.0,1.0,0,1,1,1.0,0,3,3,security,security,0,1,0,0,1
4,18,0.5,0.6667,0,0,1,0.4,0,2,3,security,comfort,0,0,0,0,1
4,19,0.5,1.0,0,0,1,0.9,0,2,3,security,access,0,0,0,0,2
4,20,0.5,0.6667,0,0,1,0.8,0,2,3,security,lighting,0,0,0,0,2
4,100,0.0,1.0,0,0,1,0.4,0,3,3,security,comfort,0,0,0,0,1
4,101,0.3333,0.3333,0,0,1,0.7,0,3,3,security,energy,0,1,0,0,1
4,102,0.3333,0.6667,0,0,1,0.9,0,3,3,security,access,0,0,0,1,1
4,103,0.3333,0.3333,0,0,1,0.8,0,3,3,security,lighting,0,1,0,0,1
4,104,0.5,1.0,1,0,1,0.8,0,2,3,security,lighting,0,1,0,1,2
4,105,0.3333,1.0,1,0,1,0.7,0,3,3,security,energy,0,0,0,0,2
4,106,0.3333,1.0,0,0,1,1.0,0,3,3,security,security,0,0,0,0,2
4,107,0.0,0.3333,0,0,1,0.4,0,3,3,security,climate,0,1,0,1,0
4,108,0.3333,0.6667,0,0,1,0.9,0,3,3,security,access,0,0,0,1,0
4,109,0.0,1.0,0,1,1,0.9,0,4,3,security,access,0,1,0,0,1
4,110,0.3333,0.6667,1,0,1,0.7,0,3,3,security,energy,0,0,0,1,2
4,111,0.6667,1.0,0,0,1,0.4,0,3,3,security,audio,0,0,0,1,2
4,112,0.0,0.3333,0,0,1,1.0,0,3,3,security,security,0,1,0,0,0
4,113,0.5,0.6667,0,0,1,0.4,0,2,3,security,audio,0,0,0,0,1
4,114,0.0,1.0,0,1,1,0.4,0,3,3,security,audio,0,1,0,0,0
4,115,0.0,0.6667,1,0,1,0.9,0,5,3,security,access,0,0,0,0,1
4,116,0.3333,1.0,0,0,1,0.4,0,3,3,security,audio,0,0,0,0,2
4,117,0.0,0.3333,0,0,1,0.9,0,4,3,security,access,0,0,0,1,0
4,118,0.5,0.3333,0,0,1,1.0,0,2,3,security,security,0,0,0,1,1
4,119,0.0,0.6667,0,0,1,0.4,0,3,3,security,climate,0,0,0,0,1
4,120,0.5,1.0,0,0,1,0.7,0,2,3,security,energy,0,1,0,0,2
4,121,0.0,0.3333,0,0,1,0.9,0,4,3,security,access,0,0,0,0,0
4,122,0.0,1.0,0,0,1,0.4,0,4,3,security,climate,0,0,0,0,1
4,123,0.3333,1.0,0,0,1,1.0,0,3,3,security,security,0,0,0,0,2
4,124,0.0,0.6667,0,0,1,0.4,0,5,3,security,audio,0,0,0,0,1
4,125,0.3333,1.0,0,0,1,0.7,0,3,3,security,energy,0,0,0,1,2
4,126,0.0,0.6667,0,0,1,0.9,0,4,3,security,access,0,0,0,0,1
4,127,0.3333,1.0,0,0,1,0.7,0,3,3,security,energy,0,0,0,1,2
4,128,0.0,0.3333,0,0,1,0.4,0,3,3,security,audio,0,1,0,1,0
4,129,0.5,0.3333,0,0,1,0.4,0,2,3,security,climate,0,0,0,0,1
5,6,1.0,1.0,0,0,1,0.6,0,2,3,audio,comfort,0,0,1,0,2
5,7,0.0,1.0,0,1,1,0.4,0,3,3,audio,security,0,1,1,0,0
5,8,0.5,1.0,0,0,1,0.7,0,2,3,audio,lighting,0,0,1,0,1
5,9,0.5,1.0,0,0,0,0.4,0,2,3,audio,climate,0,0,1,1,1
5,10,0.5,0.3333,0,0,0,0.4,0,2,3,audio,security,0,0,1,1,1
5,11,0.0,1.0,0,1,1,0.4,0,3,3,audio,energy,0,1,1,0,0
5,12,1.0,0.3333,0,0,0,0.4,0,2,3,audio,audio,0,0,1,1,1
5,13,1.0,0.3333,0,0,0,0.4,0,2,3,audio,audio,0,0,1,1,1
5,14,0.5,0.3333,0,0,1,0.4,0,2,3,audio,security,0,0,1,0,1
5,15,0.5,1.0,0,0,1,0.7,0,2,3,audio,lighting,0,0,1,0,2
5,16,0.5,1.0,0,0,1,0.6,0,2,3,audio,comfort,0,0,1,0,2
5,17,0.0,1.0,0,1,1,0.4,0,3,3,audio,security,0,1,1,0,0
5,18,0.5,0.6667,0,0,1,0.6,0,2,3,audio,comfort,0,0,1,0,1
5,19,0.5,1.0,0,0,1,0.4,0,2,3,audio,access,0,0,1,0,2
5,20,0.5,0.6667,0,0,1,0.7,0,2,3,audio,lighting,0,0,1,0,1
5,100,0.0,1.0,0,0,1,0.6,0,3,3,audio,comfort,0,0,1,0,1
5,101,0.3333,0.3333,0,0,1,0.4,0,3,3,audio,energy,0,1,1,0,1
5,102,0.3333,0.6667,0,0,0,0.4,0,3,3,audio,access,0,0,1,1,1
5,103,0.3333,0.3333,0,0,1,0.7,0,3,3,audio,lighting,0,1,1,0,1
5,104,0.5,1.0,0,0,0,0.7,0,2,3,audio,lighting,0,1,1,1,1
5,105,0.3333,1.0,0,0,1,0.4,0,3,3,audio,energy,0,0,1,0,2
5,106,0.3333,1.0,0,0,1,0.4,0,3,3,audio,security,0,0,1,0,2
5,107,0.0,0.3333,0,0,0,0.4,0,3,3,audio,climate,0,1,1,1,0
5,108,0.3333,0.6667,0,0,0,0.4,0,3,3,audio,access,0,0,1,1,1
5,109,0.0,1.0,0,1,1,0.4,0,4,3,audio,access,0,1,1,0,0
5,110,0.3333,0.6667,0,0,0,0.4,0,3,3,audio,energy,0,0,1,1,1
5,111,0.6667,1.0,0,0,0,0.4,0,3,3,audio,audio,0,0,1,1,2
5,112,0.0,0.3333,0,0,1,0.4,0,3,3,audio,security,0,1,1,0,0
5,113,0.5,0.6667,0,0,1,0.4,0,2,3,audio,audio,0,0,1,0,1
5,114,0.0,1.0,0,1,1,0.4,0,3,3,audio,audio,0,1,1,0,0
5,115,0.0,0.6667,0,0,1,0.4,0,5,3,audio,access,0,0,1,0,1
5,116,0.3333,1.0,0,0,1,0.4,0,3,3,audio,audio,0,0,1,0,2
5,117,0.0,0.3333,0,0,0,0.4,0,4,3,audio,access,0,0,1,1,0
5,118,0.5,0.3333,0,0,0,0.4,0,2,3,audio,security,0,0,1,1,1
5,119,0.0,0.6667,0,0,1,0.4,0,3,3,audio,climate,0,0,1,0,1
5,120,0.5,1.0,0,0,1,0.4,0,2,3,audio,energy,0,1,1,0,2
5,121,0.0,0.3333,0,0,1,0.4,0,4,3,audio,access,0,0,1,0,0
5,122,0.0,1.0,0,0,1,0.4,0,4,3,audio,climate,0,0,1,0,1
5,123,0.3333,1.0,0,0,1,0.4,0,3,3,audio,security,0,0,1,0,2
5,124,0.0,0.6667,0,0,1,0.4,0,5,3,audio,audio,0,0,1,0,1
5,125,0.3333,1.0,0,0,0,0.4,0,3,3,audio,energy,0,0,1,1,1
5,126,0.0,0.6667,0,0,1,0.4,0,4,3,audio,access,0,0,1,0,1
5,127,0.3333,1.0,0,0,0,0.4,0,3,3,audio,energy,0,0,1,1,1
5,128,0.0,0.3333,0,0,0,0.4,0,3,3,audio,audio,0,1,1,1,0
5,129,0.5,0.3333,0,0,1,0.4,0,2,3,audio,climate,0,0,1,0,1
6,7,0.0,1.0,0,1,1,0.4,0,3,3,comfort,security,0,1,0,0,0
6,8,0.5,1.0,0,0,1,0.8,0,2,3,comfort,lighting,0,0,0,0,2
6,9,0.5,1.0,0,0,1,0.7,0,2,3,comfort,climate,0,0,0,1,2
6,10,0.5,0.3333,0,0,1,0.4,0,2,3,comfort,security,0,0,0,1,1
6,11,0.0,1.0,0,1,1,0.4,0,3,3,comfort,energy,0,1,0,0,0
6,12,1.0,0.3333,0,0,1,0.6,0,2,3,comfort,audio,0,0,0,1,1
6,13,1.0,0.3333,0,0,1,0.6,0,2,3,comfort,audio,0,0,0,1,2
6,14,0.5,0.3333,0,0,1,0.4,0,2,3,comfort,security,0,0,0,0,1
6,15,0.5,1.0,0,0,1,0.8,0,2,3,comfort,lighting,0,0,0,0,1
6,16,0.5,1.0,1,0,1,0.4,0,2,3,comfort,comfort,0,0,0,0,2
6,17,0.0,1.0,0,1,1,0.4,0,3,3,comfort,security,0,1,0,0,0
6,18,0.5,0.6667,0,0,1,0.4,0,2,3,comfort,comfort,0,0,0,0,1
6,19,0.5,1.0,0,0,1,0.4,0,2,3,comfort,access,0,0,0,0,2
6,20,0.5,0.6667,0,0,1,0.8,0,2,3,comfort,lighting,0,0,0,0,2
6,100,0.0,1.0,0,0,1,0.4,0,3,3,comfort,comfort,0,0,0,0,1
6,101,0.3333,0.3333,0,0,1,0.4,0,3,3,comfort,energy,0,1,0,0,1
6,102,0.3333,0.6667,0,0,1,0.4,0,3,3,comfort,access,0,0,0,1,1
6,103,0.3333,0.3333,0,0,1,0.8,0,3,3,comfort,lighting,0,1,0,0,1
6,104,0.5,1.0,0,0,1,0.8,0,2,3,comfort,lighting,0,1,0,1,2
6,105,0.3333,1.0,0,0,1,0.4,0,3,3,comfort,energy,0,0,0,0,2
6,106,0.3333,1.0,0,0,1,0.4,0,3,3,comfort,security,0,0,0,0,2
6,107,0.0,0.3333,0,0,1,0.7,0,3,3,comfort,climate,0,1,0,1,0
6,108,0.3333,0.6667,0,0,1,0.4,0,3,3,comfort,access,0,0,0,1,1
6,109,0.0,1.0,0,1,1,0.4,0,4,3,comfort,access,0,1,0,0,0
6,110,0.3333,0.6667,0,0,1,0.4,0,3,3,comfort,energy,0,0,0,1,2
6,111,0.6667,1.0,1,0,1,0.6,0,3,3,comfort,audio,0,0,0,1,2
6,112,0.0,0.3333,0,0,1,0.4,0,3,3,comfort,security,0,1,0,0,0
6,113,0.5,0.6667,0,0,1,0.6,0,2,3,comfort,audio,0,0,0,0,1
6,114,0.0,1.0,0,1,1,0.6,0,3,3,comfort,audio,0,1,0,0,1
6,115,0.0,0.6667,0,0,1,0.4,0,5,3,comfort,access,0,0,0,0,1
6,116,0.3333,1.0,0,0,1,0.6,0,3,3,comfort,audio,0,0,0,0,2
6,117,0.0,0.3333,0,0,1,0.4,0,4,3,comfort,access,0,0,0,1,0
6,118,0.5,0.3333,0,0,1,0.4,0,2,3,comfort,security,0,0,0,1,1
6,119,0.0,0.6667,0,0,1,0.7,0,3,3,comfort,climate,0,0,0,0,1
6,120,0.5,1.0,0,0,1,0.4,0,2,3,comfort,energy,0,1,0,0,2
6,121,0.0,0.3333,0,0,1,0.4,0,4,3,comfort,access,0,0,0,0,1
6,122,0.0,1.0,0,0,1,0.7,0,4,3,comfort,climate,0,0,0,0,1
6,123,0.3333,1.0,0,0,1,0.4,0,3,3,comfort,security,0,0,0,0,2
6,124,0.0,0.6667,0,0,1,0.6,0,5,3,comfort,audio,0,0,0,0,1
6,125,0.3333,1.0,0,0,1,0.4,0,3,3,comfort,energy,0,0,0,1,2
6,126,0.0,0.6667,0,0,1,0.4,0,4,3,comfort,access,0,0,0,0,1
6,127,0.3333,1.0,0,0,1,0.4,0,3,3,comfort,energy,0,0,0,1,2
6,128,0.0,0.3333,0,0,1,0.6,0,3,3,comfort,audio,0,1,0,1,0
6,129,0.5,0.3333,0,0,1,0.7,0,2,3,comfort,climate,0,0,0,0,1
7,8,0.0,1.0,0,1,1,0.8,0,2,3,security,lighting,1,0,0,0,1
7,9,0.0,1.0,0,1,1,0.4,0,2,3,security,climate,1,0,0,1,0
7,10,0.0,0.3333,0,1,1,1.0,0,2,3,security,security,1,0,0,1,0
7,11,1.0,1.0,1,0,1,0.7,1,1,3,security,energy,1,1,0,0,2
7,12,0.0,0.3333,0,1,1,0.4,0,3,3,security,audio,1,0,0,1,0
7,13,0.0,0.3333,0,1,1,0.4,0,3,3,security,audio,1,0,0,1,0
7,14,0.0,0.3333,0,1,1,1.0,0,2,3,security,security,1,0,0,0,0
7,15,0.0,1.0,0,1,1,0.8,0,2,3,security,lighting,1,0,0,0,1
7,16,0.0,1.0,0,1,1,0.4,0,2,3,security,comfort,1,0,0,0,0
7,17,1.0,1.0,1,0,1,1.0,1,1,3,security,security,1,1,0,0,2
7,18,0.0,0.6667,0,1,1,0.4,0,2,3,security,comfort,1,0,0,0,0
7,19,0.0,1.0,0,1,1,0.9,0,2,3,security,access,1,0,0,0,1
7,20,0.0,0.6667,0,1,1,0.8,0,2,3,security,lighting,1,0,0,0,0
7,100,0.0,1.0,0,1,1,0.4,0,2,3,security,comfort,1,0,0,0,1
7,101,0.0,0.3333,0,0,1,0.7,1,3,3,security,energy,1,1,0,0,0
7,102,0.5,0.6667,0,0,1,0.9,0,2,3,security,access,1,0,0,1,1
7,103,0.0,0.3333,0,0,1,0.8,1,3,3,security,lighting,1,1,0,0,0
7,104,0.0,1.0,0,0,1,0.8,1,2,3,security,lighting,1,1,0,1,1
7,105,0.0,1.0,0,1,1,0.7,0,3,3,security,energy,1,0,0,0,1
7,106,0.5,1.0,0,0,1,1.0,0,2,3,security,security,1,0,0,0,2
7,107,0.0,0.3333,0,0,1,0.4,1,2,3,security,climate,1,1,0,1,0
7,108,0.0,0.6667,0,1,1,0.9,0,3,3,security,access,1,0,0,1,0
7,109,0.5,1.0,0,0,1,0.9,1,2,3,security,access,1,1,0,0,2
7,110,0.5,0.6667,0,0,1,0.7,0,2,3,security,energy,1,0,0,1,1
7,111,0.3333,1.0,0,0,1,0.4,0,3,3,security,audio,1,0,0,1,1
7,112,0.0,0.3333,0,0,1,1.0,1,2,3,security,security,1,1,0,0,0
7,113,0.0,0.6667,0,1,1,0.4,0,2,3,security,audio,1,0,0,0,0
7,114,1.0,1.0,0,0,1,0.4,1,1,3,security,audio,1,1,0,0,2
7,115,0.3333,0.6667,0,0,1,0.9,0,3,3,security,access,1,0,0,0,1
7,116,0.5,1.0,0,0,1,0.4,0,2,3,security,audio,1,0,0,0,2
7,117,0.0,0.3333,1,1,1,0.9,0,3,3,security,access,1,0,0,1,0
7,118,0.0,0.3333,0,1,1,1.0,0,2,3,security,security,1,0,0,1,0
7,119,1.0,0.6667,0,0,1,0.4,0,1,3,security,climate,1,0,0,0,2
7,120,0.0,1.0,0,0,1,0.7,1,2,3,security,energy,1,1,0,0,1
7,121,0.5,0.3333,0,0,1,0.9,0,2,3,security,access,1,0,0,0,1
7,122,0.0,1.0,0,1,1,0.4,0,3,3,security,climate,1,0,0,0,0
7,123,0.0,1.0,0,1,1,1.0,0,3,3,security,security,1,0,0,0,1
7,124,0.3333,0.6667,0,0,1,0.4,0,3,3,security,audio,1,0,0,0,1
7,125,0.0,1.0,0,1,1,0.7,0,3,3,security,energy,1,0,0,1,1
7,126,0.0,0.6667,0,1,1,0.9,0,3,3,security,access,1,0,0,0,0
7,127,0.5,1.0,0,0,1,0.7,0,2,3,security,energy,1,0,0,1,2
7,128,0.0,0.3333,0,0,1,0.4,1,2,3,security,audio,1,1,0,1,0
7,129,0.0,0.3333,0,1,1,0.4,0,2,3,security,climate,1,0,0,0,0
8,9,1.0,1.0,0,0,1,0.4,0,1,3,lighting,climate,0,0,0,1,2
8,10,1.0,0.3333,0,0,1,0.8,0,1,3,lighting,security,0,0,0,1,2
8,11,0.0,1.0,0,1,1,0.4,0,2,3,lighting,energy,0,1,0,0,0
8,12,0.5,0.3333,0,0,1,0.7,0,2,3,lighting,audio,0,0,0,1,1
8,13,0.5,0.3333,0,0,1,0.7,0,2,3,lighting,audio,0,0,0,1,1
8,14,0.0,0.3333,0,0,1,0.8,0,2,3,lighting,security,0,0,0,0,0
8,15,1.0,1.0,0,0,1,0.9,0,1,3,lighting,lighting,0,0,0,0,2
8,16,1.0,1.0,0,0,1,0.8,0,1,3,lighting,comfort,0,0,0,0,2
8,17,0.0,1.0,0,1,1,0.8,0,2,3,lighting,security,0,1,0,0,1
8,18,1.0,0.6667,0,0,1,0.8,0,1,3,lighting,comfort,0,0,0,0,2
8,19,1.0,1.0,0,0,1,0.4,0,1,3,lighting,access,0,0,0,0,2
8,20,1.0,0.6667,0,0,1,0.9,0,1,3,lighting,lighting,0,0,0,0,1
8,100,0.0,1.0,0,0,1,0.8,0,2,3,lighting,comfort,0,0,0,0,1
8,101,0.0,0.3333,0,0,1,0.4,0,3,3,lighting,energy,0,1,0,0,0
8,102,0.5,0.6667,0,0,1,0.4,0,2,3,lighting,access,0,0,0,1,1
8,103,0.0,0.3333,0,0,1,0.9,0,3,3,lighting,lighting,0,1,0,0,0
8,104,1.0,1.0,0,0,1,0.9,0,1,3,lighting,lighting,0,1,0,1,2
8,105,0.0,1.0,0,0,1,0.4,0,3,3,lighting,energy,0,0,0,0,1
8,106,0.0,1.0,0,0,1,0.8,0,3,3,lighting,security,0,0,0,0,1
8,107,0.0,0.3333,0,0,1,0.4,0,2,3,lighting,climate,0,1,0,1,0
8,108,0.5,0.6667,0,0,1,0.4,0,2,3,lighting,access,0,0,0,1,1
8,109,0.0,1.0,0,1,1,0.4,0,3,3,lighting,access,0,1,0,0,0
8,110,0.5,0.6667,0,0,1,0.4,0,2,3,lighting,energy,0,0,0,1,1
8,111,0.3333,1.0,0,0,1,0.7,0,3,3,lighting,audio,0,0,0,1,2
8,112,0.0,0.3333,0,0,1,0.8,0,2,3,lighting,security,0,1,0,0,0
8,113,0.0,0.6667,0,0,1,0.7,0,2,3,lighting,audio,0,0,0,0,1
8,114,0.0,1.0,0,1,1,0.7,0,2,3,lighting,audio,0,1,0,0,1
8,115,0.0,0.6667,0,0,1,0.4,0,4,3,lighting,access,0,0,0,0,1
8,116,0.5,1.0,0,0,1,0.7,0,2,3,lighting,audio,0,0,0,0,1
8,117,0.0,0.3333,0,0,1,0.4,0,3,3,lighting,access,0,0,0,1,0
8,118,0.0,0.3333,0,0,1,0.8,0,2,3,lighting,security,0,0,0,1,0
8,119,0.0,0.6667,0,0,1,0.4,0,2,3,lighting,climate,0,0,0,0,1
8,120,1.0,1.0,0,0,1,0.4,0,1,3,lighting,energy,0,1,0,0,2
8,121,0.0,0.3333,0,0,1,0.4,0,3,3,lighting,access,0,0,0,0,1
8,122,0.0,1.0,0,0,1,0.4,0,3,3,lighting,climate,0,0,0,0,1
8,123,0.0,1.0,0,0,1,0.8,0,3,3,lighting,security,0,0,0,0,1
8,124,0.0,0.6667,0,0,1,0.7,0,4,3,lighting,audio,0,0,0,0,1
8,125,0.5,1.0,0,0,1,0.4,0,2,3,lighting,energy,0,0,0,1,2
8,126,0.0,0.6667,0,0,1,0.4,0,3,3,lighting,access,0,0,0,0,1
8,127,0.5,1.0,0,0,1,0.4,0,2,3,lighting,energy,0,0,0,1,2
8,128,0.0,0.3333,0,0,1,0.7,0,2,3,lighting,audio,0,1,0,1,0
8,129,1.0,0.3333,0,0,1,0.4,0,1,3,lighting,climate,0,0,0,0,1
9,10,1.0,0.3333,0,0,0,0.4,0,1,3,climate,security,0,0,1,1,1
9,11,0.0,1.0,0,1,1,0.9,0,2,3,climate,energy,0,1,1,0,1
9,12,0.5,0.3333,0,0,0,0.4,0,2,3,climate,audio,0,0,1,1,1
9,13,0.5,0.3333,0,0,0,0.4,0,2,3,climate,audio,0,0,1,1,0
9,14,0.0,0.3333,0,0,1,0.4,0,2,3,climate,security,0,0,1,0,0
9,15,1.0,1.0,0,0,1,0.4,0,1,3,climate,lighting,0,0,1,0,2
9,16,1.0,1.0,0,0,1,0.7,0,1,3,climate,comfort,0,0,1,0,2
9,17,0.0,1.0,0,1,1,0.4,0,2,3,climate,security,0,1,1,0,0
9,18,1.0,0.6667,0,0,1,0.7,0,1,3,climate,comfort,0,0,1,0,2
9,19,1.0,1.0,0,0,1,0.4,0,1,3,climate,access,0,0,1,0,2
9,20,1.0,0.6667,0,0,1,0.4,0,1,3,climate,lighting,0,0,1,0,2
9,100,0.0,1.0,0,0,1,0.7,0,2,3,climate,comfort,0,0,1,0,1
9,101,0.0,0.3333,0,0,1,0.9,0,3,3,climate,energy,0,1,1,0,0
9,102,0.5,0.6667,0,0,0,0.4,0,2,3,climate,access,0,0,1,1,1
9,103,0.0,0.3333,0,0,1,0.4,0,3,3,climate,lighting,0,1,1,0,0
9,104,1.0,1.0,0,0,0,0.4,0,1,3,climate,lighting,0,1,1,1,2
9,105,0.0,1.0,0,0,1,0.9,0,3,3,climate,energy,0,0,1,0,1
9,106,0.0,1.0,0,0,1,0.4,0,3,3,climate,security,0,0,1,0,1
9,107,0.0,0.3333,1,0,0,0.4,0,2,3,climate,climate,0,1,1,1,0
9,108,0.5,0.6667,0,0,0,0.4,0,2,3,climate,access,0,0,1,1,1
9,109,0.0,1.0,0,1,1,0.4,0,3,3,climate,access,0,1,1,0,0
9,110,0.5,0.6667,0,0,0,0.9,0,2,3,climate,energy,0,0,1,1,1
9,111,0.3333,1.0,0,0,0,0.4,0,3,3,climate,audio,0,0,1,1,1
9,112,0.0,0.3333,0,0,1,0.4,0,2,3,climate,security,0,1,1,0,0
9,113,0.0,0.6667,0,0,1,0.4,0,2,3,climate,audio,0,0,1,0,1
9,114,0.0,1.0,0,1,1,0.4,0,2,3,climate,audio,0,1,1,0,0
9,115,0.0,0.6667,0,0,1,0.4,0,4,3,climate,access,0,0,1,0,1
9,116,0.5,1.0,0,0,1,0.4,0,2,3,climate,audio,0,0,1,0,2
9,117,0.0,0.3333,0,0,0,0.4,0,3,3,climate,access,0,0,1,1,0
9,118,0.0,0.3333,0,0,0,0.4,0,2,3,climate,security,0,0,1,1,0
9,119,0.0,0.6667,0,0,1,0.4,0,2,3,climate,climate,0,0,1,0,1
9,120,1.0,1.0,0,0,1,0.9,0,1,3,climate,energy,0,1,1,0,2
9,121,0.0,0.3333,1,0,1,0.4,0,3,3,climate,access,0,0,1,0,1
9,122,0.0,1.0,1,0,1,0.4,0,3,3,climate,climate,0,0,1,0,1
9,123,0.0,1.0,0,0,1,0.4,0,3,3,climate,security,0,0,1,0,1
9,124,0.0,0.6667,0,0,1,0.4,0,4,3,climate,audio,0,0,1,0,1
9,125,0.5,1.0,0,0,0,0.9,0,2,3,climate,energy,0,0,1,1,2
9,126,0.0,0.6667,0,0,1,0.4,0,3,3,climate,access,0,0,1,0,1
9,127,0.5,1.0,0,0,0,0.9,0,2,3,climate,energy,0,0,1,1,2
9,128,0.0,0.3333,0,0,0,0.4,0,2,3,climate,audio,0,1,1,1,0
9,129,1.0,0.3333,0,0,1,0.4,0,1,3,climate,climate,0,0,1,0,2
10,11,0.0,0.3333,0,1,1,0.7,0,2,3,security,energy,0,1,1,0,1
10,12,0.5,0.0,0,0,0,0.4,0,2,2,security,audio,0,0,1,1,0
10,13,0.5,0.0,0,0,0,0.4,0,2,2,security,audio,0,0,1,1,0
10,14,0.0,0.0,0,0,1,1.0,0,2,2,security,security,0,0,1,0,0
10,15,1.0,0.3333,0,0,1,0.8,0,1,3,security,lighting,0,0,1,0,2
10,16,1.0,0.3333,0,0,1,0.4,0,1,3,security,comfort,0,0,1,0,2
10,17,0.0,0.3333,0,1,1,1.0,0,2,3,security,security,0,1,1,0,1
10,18,1.0,0.5,0,0,1,0.4,0,1,2,security,comfort,0,0,1,0,2
10,19,1.0,0.3333,0,0,1,0.9,0,1,3,security,access,0,0,1,0,2
10,20,1.0,0.5,0,0,1,0.8,0,1,2,security,lighting,0,0,1,0,2
10,100,0.0,0.3333,0,0,1,0.4,0,2,3,security,comfort,0,0,1,0,1
10,101,0.0,0.0,0,0,1,0.7,0,3,2,security,energy,0,1,1,0,0
10,102,0.5,0.5,0,0,0,0.9,0,2,2,security,access,0,0,1,1,1
10,103,0.0,0.0,0,0,1,0.8,0,3,2,security,lighting,0,1,1,0,0
10,104,1.0,0.3333,0,0,0,0.8,0,1,3,security,lighting,0,1,1,1,1
10,105,0.0,0.3333,0,0,1,0.7,0,3,3,security,energy,0,0,1,0,0
10,106,0.0,0.3333,0,0,1,1.0,0,3,3,security,security,0,0,1,0,0
10,107,0.0,0.0,0,0,0,0.4,0,2,2,security,climate,0,1,1,1,0
10,108,0.5,0.0,0,0,0,0.9,0,2,3,security,access,0,0,1,1,0
10,109,0.0,0.3333,0,1,1,0.9,0,3,3,security,access,0,1,1,0,0
10,110,0.5,0.5,0,0,0,0.7,0,2,2,security,energy,0,0,1,1,1
10,111,0.3333,0.3333,0,0,0,0.4,0,3,3,security,audio,0,0,1,1,0
10,112,0.0,0.0,0,0,1,1.0,0,2,2,security,security,0,1,1,0,0
10,113,0.0,0.5,1,0,1,0.4,0,2,2,security,audio,0,0,1,0,1
10,114,0.0,0.3333,0,1,1,0.4,0,2,3,security,audio,0,1,1,0,0
10,115,0.0,0.5,0,0,1,0.9,0,4,2,security,access,0,0,1,0,1
10,116,0.5,0.3333,1,0,1,0.4,0,2,3,security,audio,0,0,1,0,1
10,117,0.0,1.0,0,0,0,0.9,0,3,1,security,access,0,0,1,1,1
10,118,0.0,0.0,0,0,0,1.0,0,2,2,security,security,0,0,1,1,0
10,119,0.0,0.5,0,0,1,0.4,0,2,2,security,climate,0,0,1,0,0
10,120,1.0,0.3333,0,0,1,0.7,0,1,3,security,energy,0,1,1,0,1
10,121,0.0,0.0,0,0,1,0.9,0,3,2,security,access,0,0,1,0,0
10,122,0.0,0.3333,0,0,1,0.4,0,3,3,security,climate,0,0,1,0,0
10,123,0.0,0.3333,0,0,1,1.0,0,3,3,security,security,0,0,1,0,0
10,124,0.0,0.0,0,0,1,0.4,0,4,3,security,audio,0,0,1,0,0
10,125,0.5,0.3333,0,0,0,0.7,0,2,3,security,energy,0,0,1,1,1
10,126,0.0,0.5,0,0,1,0.9,0,3,2,security,access,0,0,1,0,1
10,127,0.5,0.3333,0,0,0,0.7,0,2,3,security,energy,0,0,1,1,1
10,128,0.0,1.0,0,0,0,0.4,0,2,1,security,audio,0,1,1,1,1
10,129,1.0,0.0,0,0,1,0.4,0,1,2,security,climate,0,0,1,0,1
11,12,0.0,0.3333,0,1,1,0.4,0,3,3,energy,audio,1,0,0,1,0
11,13,0.0,0.3333,0,1,1,0.4,0,3,3,energy,audio,1,0,0,1,0
11,14,0.0,0.3333,0,1,1,0.7,0,2,3,energy,security,1,0,0,0,1
11,15,0.0,1.0,0,1,1,0.4,0,2,3,energy,lighting,1,0,0,0,0
11,16,0.0,1.0,0,1,1,0.4,0,2,3,energy,comfort,1,0,0,0,0
11,17,1.0,1.0,1,0,1,0.7,1,1,3,energy,security,1,1,0,0,2
11,18,0.0,0.6667,0,1,1,0.4,0,2,3,energy,comfort,1,0,0,0,0
11,19,0.0,1.0,0,1,1,0.4,0,2,3,energy,access,1,0,0,0,0
11,20,0.0,0.6667,0,1,1,0.4,0,2,3,energy,lighting,1,0,0,0,0
11,100,0.0,1.0,0,1,1,0.4,0,2,3,energy,comfort,1,0,0,0,0
11,101,0.0,0.3333,0,0,1,0.4,1,3,3,energy,energy,1,1,0,0,0
11,102,0.5,0.6667,0,0,1,0.4,0,2,3,energy,access,1,0,0,1,1
11,103,0.0,0.3333,0,0,1,0.4,1,3,3,energy,lighting,1,1,0,0,0
11,104,0.0,1.0,0,0,1,0.4,1,2,3,energy,lighting,1,1,0,1,1
11,105,0.0,1.0,0,1,1,0.4,0,3,3,energy,energy,1,0,0,0,0
11,106,0.5,1.0,0,0,1,0.7,0,2,3,energy,security,1,0,0,0,2
11,107,0.0,0.3333,0,0,1,0.9,1,2,3,energy,climate,1,1,0,1,0
11,108,0.0,0.6667,0,1,1,0.4,0,3,3,energy,access,1,0,0,1,0
11,109,0.5,1.0,0,0,1,0.4,1,2,3,energy,access,1,1,0,0,2
11,110,0.5,0.6667,0,0,1,0.4,0,2,3,energy,energy,1,0,0,1,1
11,111,0.3333,1.0,0,0,1,0.4,0,3,3,energy,audio,1,0,0,1,2
11,112,0.0,0.3333,0,0,1,0.7,1,2,3,energy,security,1,1,0,0,0
11,113,0.0,0.6667,0,1,1,0.4,0,2,3,energy,audio,1,0,0,0,1
11,114,1.0,1.0,0,0,1,0.4,1,1,3,energy,audio,1,1,0,0,2
11,115,0.3333,0.6667,0,0,1,0.4,0,3,3,energy,access,1,0,0,0,1
11,116,0.5,1.0,0,0,1,0.4,0,2,3,energy,audio,1,0,0,0,2
11,117,0.0,0.3333,1,1,1,0.4,0,3,3,energy,access,1,0,0,1,0
11,118,0.0,0.3333,0,1,1,0.7,0,2,3,energy,security,1,0,0,1,0
11,119,1.0,0.6667,0,0,1,0.9,0,1,3,energy,climate,1,0,0,0,2
11,120,0.0,1.0,0,0,1,0.4,1,2,3,energy,energy,1,1,0,0,1
11,121,0.5,0.3333,0,0,1,0.4,0,2,3,energy,access,1,0,0,0,1
11,122,0.0,1.0,0,1,1,0.9,0,3,3,energy,climate,1,0,0,0,1
11,123,0.0,1.0,0,1,1,0.7,0,3,3,energy,security,1,0,0,0,1
11,124,0.3333,0.6667,0,0,1,0.4,0,3,3,energy,audio,1,0,0,0,0
11,125,0.0,1.0,0,1,1,0.4,0,3,3,energy,energy,1,0,0,1,0
11,126,0.0,0.6667,0,1,1,0.4,0,3,3,energy,access,1,0,0,0,0
11,127,0.5,1.0,0,0,1,0.4,0,2,3,energy,energy,1,0,0,1,2
11,128,0.0,0.3333,0,0,1,0.4,1,2,3,energy,audio,1,1,0,1,0
11,129,0.0,0.3333,0,1,1,0.9,0,2,3,energy,climate,1,0,0,0,0
12,13,1.0,0.0,0,0,0,0.4,0,2,2,audio,audio,0,0,1,1,1
12,14,0.5,1.0,0,0,1,0.4,0,2,1,audio,security,0,0,1,0,2
12,15,0.5,0.3333,0,0,1,0.7,0,2,3,audio,lighting,0,0,1,0,1
12,16,0.5,0.3333,0,0,1,0.6,0,2,3,audio,comfort,0,0,1,0,1
12,17,0.0,0.3333,0,1,1,0.4,0,3,3,audio,security,0,1,1,0,0
12,18,0.5,0.0,0,0,1,0.6,0,2,3,audio,comfort,0,0,1,0,1
12,19,0.5,0.3333,0,0,1,0.4,0,2,3,audio,access,0,0,1,0,2
12,20,0.5,0.0,0,0,1,0.7,0,2,3,audio,lighting,0,0,1,0,1
12,100,0.0,0.3333,0,0,1,0.6,0,3,3,audio,comfort,0,0,1,0,0
12,101,0.3333,1.0,0,0,1,0.4,0,3,1,audio,energy,0,1,1,0,2
12,102,0.3333,0.0,0,0,0,0.4,0,3,3,audio,access,0,0,1,1,0
12,103,0.3333,1.0,0,0,1,0.7,0,3,1,audio,lighting,0,1,1,0,2
12,104,0.5,0.3333,0,0,0,0.7,0,2,3,audio,lighting,0,1,1,1,1
12,105,0.3333,0.3333,0,0,1,0.4,0,3,3,audio,energy,0,0,1,0,1
12,106,0.3333,0.3333,0,0,1,0.4,0,3,3,audio,security,0,0,1,0,1
12,107,0.0,1.0,0,0,0,0.4,0,3,1,audio,climate,0,1,1,1,1
12,108,0.3333,0.5,0,0,0,0.4,0,3,2,audio,access,0,0,1,1,1
12,109,0.0,0.3333,0,1,1,0.4,0,4,3,audio,access,0,1,1,0,0
12,110,0.3333,0.0,0,0,0,0.4,0,3,3,audio,energy,0,0,1,1,0
12,111,0.6667,0.3333,0,0,0,0.4,0,3,3,audio,audio,0,0,1,1,1
12,112,0.0,0.0,0,0,1,0.4,0,3,2,audio,security,0,1,1,0,0
12,113,0.5,0.5,0,0,1,0.4,0,2,2,audio,audio,0,0,1,0,1
12,114,0.0,0.3333,0,1,1,0.4,0,3,3,audio,audio,0,1,1,0,0
12,115,0.0,0.0,0,0,1,0.4,0,5,3,audio,access,0,0,1,0,0
12,116,0.3333,0.3333,0,0,1,0.4,0,3,3,audio,audio,0,0,1,0,1
12,117,0.0,0.0,0,0,0,0.4,0,4,2,audio,access,0,0,1,1,0
12,118,0.5,1.0,0,0,0,0.4,0,2,1,audio,security,0,0,1,1,1
12,119,0.0,0.5,0,0,1,0.4,0,3,2,audio,climate,0,0,1,0,0
12,120,0.5,0.3333,0,0,1,0.4,0,2,3,audio,energy,0,1,1,0,1
12,121,0.0,0.0,0,0,1,0.4,0,4,2,audio,access,0,0,1,0,0
12,122,0.0,0.3333,0,0,1,0.4,0,4,3,audio,climate,0,0,1,0,0
12,123,0.3333,0.3333,0,0,1,0.4,0,3,3,audio,security,0,0,1,0,1
12,124,0.0,0.5,0,0,1,0.4,0,5,2,audio,audio,0,0,1,0,0
12,125,0.3333,0.3333,0,0,0,0.4,0,3,3,audio,energy,0,0,1,1,0
12,126,0.0,0.0,0,0,1,0.4,0,4,3,audio,access,0,0,1,0,0
12,127,0.3333,0.3333,0,0,0,0.4,0,3,3,audio,energy,0,0,1,1,0
12,128,0.0,0.0,0,0,0,0.4,0,3,2,audio,audio,0,1,1,1,0
12,129,0.5,0.0,0,0,1,0.4,0,2,2,audio,climate,0,0,1,0,1
13,14,0.5,0.0,0,0,1,0.4,0,2,2,audio,security,0,0,1,0,1
13,15,0.5,0.3333,0,0,1,0.7,0,2,3,audio,lighting,0,0,1,0,1
13,16,0.5,0.3333,0,0,1,0.6,0,2,3,audio,comfort,0,0,1,0,1
13,17,0.0,0.3333,0,1,1,0.4,0,3,3,audio,security,0,1,1,0,0
13,18,0.5,0.5,0,0,1,0.6,0,2,2,audio,comfort,0,0,1,0,1
13,19,0.5,0.3333,0,0,1,0.4,0,2,3,audio,access,0,0,1,0,1
13,20,0.5,0.5,0,0,1,0.7,0,2,2,audio,lighting,0,0,1,0,1
13,100,0.0,0.3333,0,0,1,0.6,0,3,3,audio,comfort,0,0,1,0,0
13,101,0.3333,0.0,0,0,1,0.4,0,3,2,audio,energy,0,1,1,0,0
13,102,0.3333,0.5,0,0,0,0.4,0,3,2,audio,access,0,0,1,1,1
13,103,0.3333,0.0,0,0,1,0.7,0,3,2,audio,lighting,0,1,1,0,0
13,104,0.5,0.3333,0,0,0,0.7,0,2,3,audio,lighting,0,1,1,1,1
13,105,0.3333,0.3333,0,0,1,0.4,0,3,3,audio,energy,0,0,1,0,1
13,106,0.3333,0.3333,0,0,1,0.4,0,3,3,audio,security,0,0,1,0,1
13,107,0.0,0.0,0,0,0,0.4,0,3,2,audio,climate,0,1,1,1,0
13,108,0.3333,0.5,0,0,0,0.4,0,3,2,audio,access,0,0,1,1,1
13,109,0.0,0.3333,0,1,1,0.4,0,4,3,audio,access,0,1,1,0,0
13,110,0.3333,0.5,0,0,0,0.4,0,3,2,audio,energy,0,0,1,1,1
13,111,0.6667,0.3333,0,0,0,0.4,0,3,3,audio,audio,0,0,1,1,1
13,112,0.0,1.0,0,0,1,0.4,0,3,1,audio,security,0,1,1,0,1
13,113,0.5,0.0,0,0,1,0.4,0,2,3,audio,audio,0,0,1,0,2
13,114,0.0,0.3333,0,1,1,0.4,0,3,3,audio,audio,0,1,1,0,0
13,115,0.0,0.5,0,0,1,0.4,0,5,2,audio,access,0,0,1,0,0
13,116,0.3333,0.3333,0,0,1,0.4,0,3,3,audio,audio,0,0,1,0,1
13,117,0.0,0.0,0,0,0,0.4,0,4,2,audio,access,0,0,1,1,0
13,118,0.5,0.0,0,0,0,0.4,0,2,2,audio,security,0,0,1,1,0
13,119,0.0,0.0,0,0,1,0.4,0,3,3,audio,climate,0,0,1,0,0
13,120,0.5,0.3333,0,0,1,0.4,0,2,3,audio,energy,0,1,1,0,0
13,121,0.0,1.0,0,0,1,0.4,0,4,1,audio,access,0,0,1,0,1
13,122,0.0,0.3333,0,0,1,0.4,0,4,3,audio,climate,0,0,1,0,0
13,123,0.3333,0.3333,0,0,1,0.4,0,3,3,audio,security,0,0,1,0,1
13,124,0.0,0.5,0,0,1,0.4,0,5,2,audio,audio,0,0,1,0,0
13,125,0.3333,0.3333,0,0,0,0.4,0,3,3,audio,energy,0,0,1,1,0
13,126,0.0,0.5,0,0,1,0.4,0,4,2,audio,access,0,0,1,0,0
13,127,0.3333,0.3333,0,0,0,0.4,0,3,3,audio,energy,0,0,1,1,0
13,128,0.0,0.0,0,0,0,0.4,0,3,2,audio,audio,0,1,1,1,0
13,129,0.5,1.0,0,0,1,0.4,0,2,1,audio,climate,0,0,1,0,2
14,15,0.0,0.3333,0,0,1,0.8,0,2,3,security,lighting,0,0,0,0,0
14,16,0.0,0.3333,0,0,1,0.4,0,2,3,security,comfort,0,0,0,0,0
14,17,0.0,0.3333,0,1,1,1.0,0,2,3,security,security,0,1,0,0,0
14,18,0.0,0.0,0,0,1,0.4,0,2,3,security,comfort,0,0,0,0,0
14,19,0.0,0.3333,0,0,1,0.9,0,2,3,security,access,0,0,0,0,0
14,20,0.0,0.0,0,0,1,0.8,0,2,3,security,lighting,0,0,0,0,0
14,100,0.0,0.3333,0,0,1,0.4,0,2,3,security,comfort,0,0,0,0,0
14,101,0.5,1.0,0,0,1,0.7,0,2,1,security,energy,0,1,0,0,2
14,102,0.0,0.0,0,0,1,0.9,0,3,3,security,access,0,0,0,1,1
14,103,0.5,1.0,0,0,1,0.8,0,2,1,security,lighting,0,1,0,0,2
14,104,0.0,0.3333,0,0,1,0.8,0,2,3,security,lighting,0,1,0,1,0
14,105,0.5,0.3333,0,0,1,0.7,0,2,3,security,energy,0,0,0,0,1
14,106,0.5,0.3333,0,0,1,1.0,0,2,3,security,security,0,0,0,0,1
14,107,0.0,1.0,0,0,1,0.4,0,2,1,security,climate,0,1,0,1,1
14,108,0.0,0.5,0,0,1,0.9,0,3,2,security,access,0,0,0,1,1
14,109,0.0,0.3333,0,1,1,0.9,0,3,3,security,access,0,1,0,0,0
14,110,0.0,0.0,0,0,1,0.7,0,3,3,security,energy,0,0,0,1,0
14,111,0.3333,0.3333,0,0,1,0.4,0,3,3,security,audio,0,0,0,1,1
14,112,0.0,0.0,0,0,1,1.0,0,2,2,security,security,0,1,0,0,0
14,113,1.0,0.5,0,0,1,0.4,0,1,2,security,audio,0,0,0,0,2
14,114,0.0,0.3333,0,1,1,0.4,0,2,3,security,audio,0,1,0,0,0
14,115,0.0,0.0,0,0,1,0.9,0,4,3,security,access,0,0,0,0,0
14,116,0.0,0.3333,0,0,1,0.4,0,3,3,security,audio,0,0,0,0,0
14,117,0.0,0.0,0,0,1,0.9,0,3,2,security,access,0,0,0,1,0
14,118,1.0,1.0,0,0,1,1.0,0,1,1,security,security,0,0,0,1,2
14,119,0.0,0.5,0,0,1,0.4,0,2,2,security,climate,0,0,0,0,0
14,120,0.0,0.3333,0,0,1,0.7,0,2,3,security,energy,0,1,0,0,0
14,121,0.0,0.0,0,0,1,0.9,0,3,2,security,access,0,0,0,0,0
14,122,0.0,0.3333,0,0,1,0.4,0,3,3,security,climate,0,0,0,0,0
14,123,0.5,0.3333,0,0,1,1.0,0,2,3,security,security,0,0,0,0,1
14,124,0.0,0.5,0,0,1,0.4,0,4,2,security,audio,0,0,0,0,0
14,125,0.0,0.3333,0,0,1,0.7,0,3,3,security,energy,0,0,0,1,0
14,126,0.0,0.0,1,0,1,0.9,0,3,3,security,access,0,0,0,0,0
14,127,0.0,0.3333,0,0,1,0.7,0,3,3,security,energy,0,0,0,1,0
14,128,0.0,0.0,0,0,1,0.4,0,2,2,security,audio,0,1,0,1,0
14,129,0.0,0.0,0,0,1,0.4,0,2,2,security,climate,0,0,0,0,0
15,16,1.0,1.0,0,0,1,0.8,0,1,3,lighting,comfort,0,0,0,0,2
15,17,0.0,1.0,0,1,1,0.8,0,2,3,lighting,security,0,1,0,0,1
15,18,1.0,0.6667,0,0,1,0.8,0,1,3,lighting,comfort,0,0,0,0,1
15,19,1.0,1.0,0,0,1,0.4,0,1,3,lighting,access,0,0,0,0,2
15,20,1.0,0.6667,0,0,1,0.9,0,1,3,lighting,lighting,0,0,0,0,2
15,100,0.0,1.0,1,0,1,0.8,0,2,3,lighting,comfort,0,0,0,0,2
15,101,0.0,0.3333,0,0,1,0.4,0,3,3,lighting,energy,0,1,0,0,0
15,102,0.5,0.6667,0,0,1,0.4,0,2,3,lighting,access,0,0,0,1,1
15,103,0.0,0.3333,0,0,1,0.9,0,3,3,lighting,lighting,0,1,0,0,0
15,104,1.0,1.0,0,0,1,0.9,0,1,3,lighting,lighting,0,1,0,1,2
15,105,0.0,1.0,0,0,1,0.4,0,3,3,lighting,energy,0,0,0,0,1
15,106,0.0,1.0,0,0,1,0.8,0,3,3,lighting,security,0,0,0,0,1
15,107,0.0,0.3333,0,0,1,0.4,0,2,3,lighting,climate,0,1,0,1,0
15,108,0.5,0.6667,0,0,1,0.4,0,2,3,lighting,access,0,0,0,1,1
15,109,0.0,1.0,0,1,1,0.4,0,3,3,lighting,access,0,1,0,0,0
15,110,0.5,0.6667,0,0,1,0.4,0,2,3,lighting,energy,0,0,0,1,1
15,111,0.3333,1.0,0,0,1,0.7,0,3,3,lighting,audio,0,0,0,1,2
15,112,0.0,0.3333,0,0,1,0.8,0,2,3,lighting,security,0,1,0,0,0
15,113,0.0,0.6667,0,0,1,0.7,0,2,3,lighting,audio,0,0,0,0,1
15,114,0.0,1.0,0,1,1,0.7,0,2,3,lighting,audio,0,1,0,0,1
15,115,0.0,0.6667,0,0,1,0.4,0,4,3,lighting,access,0,0,0,0,1
15,116,0.5,1.0,0,0,1,0.7,0,2,3,lighting,audio,0,0,0,0,2
15,117,0.0,0.3333,0,0,1,0.4,0,3,3,lighting,access,0,0,0,1,0
15,118,0.0,0.3333,0,0,1,0.8,0,2,3,lighting,security,0,0,0,1,0
15,119,0.0,0.6667,0,0,1,0.4,0,2,3,lighting,climate,0,0,0,0,1
15,120,1.0,1.0,0,0,1,0.4,0,1,3,lighting,energy,0,1,0,0,2
15,121,0.0,0.3333,0,0,1,0.4,0,3,3,lighting,access,0,0,0,0,0
15,122,0.0,1.0,0,0,1,0.4,0,3,3,lighting,climate,0,0,0,0,1
15,123,0.0,1.0,0,0,1,0.8,0,3,3,lighting,security,0,0,0,0,1
15,124,0.0,0.6667,0,0,1,0.7,0,4,3,lighting,audio,0,0,0,0,1
15,125,0.5,1.0,0,0,1,0.4,0,2,3,lighting,energy,0,0,0,1,2
15,126,0.0,0.6667,0,0,1,0.4,0,3,3,lighting,access,0,0,0,0,1
15,127,0.5,1.0,0,0,1,0.4,0,2,3,lighting,energy,0,0,0,1,2
15,128,0.0,0.3333,0,0,1,0.7,0,2,3,lighting,audio,0,1,0,1,0
15,129,1.0,0.3333,0,0,1,0.4,0,1,3,lighting,climate,0,0,0,0,2
16,17,0.0,1.0,0,1,1,0.4,0,2,3,comfort,security,0,1,0,0,0
16,18,1.0,0.6667,0,0,1,0.4,0,1,3,comfort,comfort,0,0,0,0,2
16,19,1.0,1.0,0,0,1,0.4,0,1,3,comfort,access,0,0,0,0,2
16,20,1.0,0.6667,0,0,1,0.8,0,1,3,comfort,lighting,0,0,0,0,2
16,100,0.0,1.0,0,0,1,0.4,0,2,3,comfort,comfort,0,0,0,0,1
16,101,0.0,0.3333,0,0,1,0.4,0,3,3,comfort,energy,0,1,0,0,0
16,102,0.5,0.6667,0,0,1,0.4,0,2,3,comfort,access,0,0,0,1,1
16,103,0.0,0.3333,0,0,1,0.8,0,3,3,comfort,lighting,0,1,0,0,0
16,104,1.0,1.0,0,0,1,0.8,0,1,3,comfort,lighting,0,1,0,1,2
16,105,0.0,1.0,0,0,1,0.4,0,3,3,comfort,energy,0,0,0,0,1
16,106,0.0,1.0,0,0,1,0.4,0,3,3,comfort,security,0,0,0,0,1
16,107,0.0,0.3333,0,0,1,0.7,0,2,3,comfort,climate,0,1,0,1,0
16,108,0.5,0.6667,0,0,1,0.4,0,2,3,comfort,access,0,0,0,1,1
16,109,0.0,1.0,0,1,1,0.4,0,3,3,comfort,access,0,1,0,0,0
16,110,0.5,0.6667,0,0,1,0.4,0,2,3,comfort,energy,0,0,0,1,1
16,111,0.3333,1.0,1,0,1,0.6,0,3,3,comfort,audio,0,0,0,1,2
16,112,0.0,0.3333,0,0,1,0.4,0,2,3,comfort,security,0,1,0,0,0
16,113,0.0,0.6667,0,0,1,0.6,0,2,3,comfort,audio,0,0,0,0,1
16,114,0.0,1.0,0,1,1,0.6,0,2,3,comfort,audio,0,1,0,0,1
16,115,0.0,0.6667,0,0,1,0.4,0,4,3,comfort,access,0,0,0,0,1
16,116,0.5,1.0,0,0,1,0.6,0,2,3,comfort,audio,0,0,0,0,2
16,117,0.0,0.3333,0,0,1,0.4,0,3,3,comfort,access,0,0,0,1,0
16,118,0.0,0.3333,0,0,1,0.4,0,2,3,comfort,security,0,0,0,1,0
16,119,0.0,0.6667,0,0,1,0.7,0,2,3,comfort,climate,0,0,0,0,1
16,120,1.0,1.0,0,0,1,0.4,0,1,3,comfort,energy,0,1,0,0,2
16,121,0.0,0.3333,0,0,1,0.4,0,3,3,comfort,access,0,0,0,0,0
16,122,0.0,1.0,0,0,1,0.7,0,3,3,comfort,climate,0,0,0,0,1
16,123,0.0,1.0,0,0,1,0.4,0,3,3,comfort,security,0,0,0,0,1
16,124,0.0,0.6667,0,0,1,0.6,0,4,3,comfort,audio,0,0,0,0,1
16,125,0.5,1.0,0,0,1,0.4,0,2,3,comfort,energy,0,0,0,1,2
16,126,0.0,0.6667,0,0,1,0.4,0,3,3,comfort,access,0,0,0,0,1
16,127,0.5,1.0,0,0,1,0.4,0,2,3,comfort,energy,0,0,0,1,2
16,128,0.0,0.3333,0,0,1,0.6,0,2,3,comfort,audio,0,1,0,1,0
16,129,1.0,0.3333,0,0,1,0.7,0,1,3,comfort,climate,0,0,0,0,2
17,18,0.0,0.6667,0,1,1,0.4,0,2,3,security,comfort,1,0,0,0,0
17,19,0.0,1.0,0,1,1,0.9,0,2,3,security,access,1,0,0,0,1
17,20,0.0,0.6667,0,1,1,0.8,0,2,3,security,lighting,1,0,0,0,0
17,100,0.0,1.0,0,1,1,0.4,0,2,3,security,comfort,1,0,0,0,0
17,101,0.0,0.3333,0,0,1,0.7,1,3,3,security,energy,1,1,0,0,0
17,102,0.5,0.6667,0,0,1,0.9,0,2,3,security,access,1,0,0,1,2
17,103,0.0,0.3333,0,0,1,0.8,1,3,3,security,lighting,1,1,0,0,0
17,104,0.0,1.0,0,0,1,0.8,1,2,3,security,lighting,1,1,0,1,1
17,105,0.0,1.0,0,1,1,0.7,0,3,3,security,energy,1,0,0,0,1
17,106,0.5,1.0,0,0,1,1.0,0,2,3,security,security,1,0,0,0,2
17,107,0.0,0.3333,0,0,1,0.4,1,2,3,security,climate,1,1,0,1,0
17,108,0.0,0.6667,0,1,1,0.9,0,3,3,security,access,1,0,0,1,0
17,109,0.5,1.0,0,0,1,0.9,1,2,3,security,access,1,1,0,0,2
17,110,0.5,0.6667,0,0,1,0.7,0,2,3,security,energy,1,0,0,1,1
17,111,0.3333,1.0,0,0,1,0.4,0,3,3,security,audio,1,0,0,1,2
17,112,0.0,0.3333,0,0,1,1.0,1,2,3,security,security,1,1,0,0,0
17,113,0.0,0.6667,0,1,1,0.4,0,2,3,security,audio,1,0,0,0,0
17,114,1.0,1.0,0,0,1,0.4,1,1,3,security,audio,1,1,0,0,2
17,115,0.3333,0.6667,0,0,1,0.9,0,3,3,security,access,1,0,0,0,1
17,116,0.5,1.0,0,0,1,0.4,0,2,3,security,audio,1,0,0,0,2
17,117,0.0,0.3333,1,1,1,0.9,0,3,3,security,access,1,0,0,1,0
17,118,0.0,0.3333,0,1,1,1.0,0,2,3,security,security,1,0,0,1,0
17,119,1.0,0.6667,0,0,1,0.4,0,1,3,security,climate,1,0,0,0,2
17,120,0.0,1.0,0,0,1,0.7,1,2,3,security,energy,1,1,0,0,1
17,121,0.5,0.3333,0,0,1,0.9,0,2,3,security,access,1,0,0,0,1
17,122,0.0,1.0,0,1,1,0.4,0,3,3,security,climate,1,0,0,0,0
17,123,0.0,1.0,0,1,1,1.0,0,3,3,security,security,1,0,0,0,1
17,124,0.3333,0.6667,0,0,1,0.4,0,3,3,security,audio,1,0,0,0,1
17,125,0.0,1.0,0,1,1,0.7,0,3,3,security,energy,1,0,0,1,1
17,126,0.0,0.6667,0,1,1,0.9,0,3,3,security,access,1,0,0,0,0
17,127,0.5,1.0,0,0,1,0.7,0,2,3,security,energy,1,0,0,1,2
17,128,0.0,0.3333,0,0,1,0.4,1,2,3,security,audio,1,1,0,1,0
17,129,0.0,0.3333,0,1,1,0.4,0,2,3,security,climate,1,0,0,0,0
18,19,1.0,0.6667,0,0,1,0.4,0,1,3,comfort,access,0,0,0,0,2
18,20,1.0,1.0,0,0,1,0.8,0,1,2,comfort,lighting,0,0,0,0,2
18,100,0.0,0.6667,0,0,1,0.4,0,2,3,comfort,comfort,0,0,0,0,1
18,101,0.0,0.0,1,0,1,0.4,0,3,3,comfort,energy,0,1,0,0,0
18,102,0.5,1.0,0,0,1,0.4,0,2,2,comfort,access,0,0,0,1,2
18,103,0.0,0.0,0,0,1,0.8,0,3,3,comfort,lighting,0,1,0,0,0
18,104,1.0,0.6667,0,0,1,0.8,0,1,3,comfort,lighting,0,1,0,1,2
18,105,0.0,0.6667,0,0,1,0.4,0,3,3,comfort,energy,0,0,0,0,1
18,106,0.0,0.6667,0,0,1,0.4,0,3,3,comfort,security,0,0,0,0,1
18,107,0.0,0.0,0,0,1,0.7,0,2,3,comfort,climate,0,1,0,1,1
18,108,0.5,0.3333,0,0,1,0.4,0,2,3,comfort,access,0,0,0,1,2
18,109,0.0,0.6667,0,1,1,0.4,0,3,3,comfort,access,0,1,0,0,0
18,110,0.5,1.0,0,0,1,0.4,0,2,2,comfort,energy,0,0,0,1,2
18,111,0.3333,0.6667,0,0,1,0.6,0,3,3,comfort,audio,0,0,0,1,1
18,112,0.0,0.5,0,0,1,0.4,0,2,2,comfort,security,0,1,0,0,0
18,113,0.0,0.3333,0,0,1,0.6,0,2,3,comfort,audio,0,0,0,0,1
18,114,0.0,0.6667,0,1,1,0.6,0,2,3,comfort,audio,0,1,0,0,0
18,115,0.0,1.0,0,0,1,0.4,0,4,2,comfort,access,0,0,0,0,1
18,116,0.5,0.6667,0,0,1,0.6,0,2,3,comfort,audio,0,0,0,0,0
18,117,0.0,0.5,0,0,1,0.4,0,3,2,comfort,access,0,0,0,1,0
18,118,0.0,0.0,0,0,1,0.4,0,2,3,comfort,security,0,0,0,1,0
18,119,0.0,0.3333,0,0,1,0.7,0,2,3,comfort,climate,0,0,0,0,0
18,120,1.0,0.6667,0,0,1,0.4,0,1,3,comfort,energy,0,1,0,0,2
18,121,0.0,0.5,0,0,1,0.4,0,3,2,comfort,access,0,0,0,0,0
18,122,0.0,0.6667,0,0,1,0.7,0,3,3,comfort,climate,0,0,0,0,1
18,123,0.0,0.6667,0,0,1,0.4,0,3,3,comfort,security,0,0,0,0,1
18,124,0.0,0.3333,0,0,1,0.6,0,4,3,comfort,audio,0,0,0,0,0
18,125,0.5,0.6667,0,0,1,0.4,0,2,3,comfort,energy,0,0,0,1,1
18,126,0.0,1.0,0,0,1,0.4,0,3,2,comfort,access,0,0,0,0,1
18,127,0.5,0.6667,0,0,1,0.4,0,2,3,comfort,energy,0,0,0,1,1
18,128,0.0,0.5,0,0,1,0.6,0,2,2,comfort,audio,0,1,0,1,1
18,129,1.0,0.5,0,0,1,0.7,0,1,2,comfort,climate,0,0,0,0,2
19,20,1.0,0.6667,0,0,1,0.4,0,1,3,access,lighting,0,0,0,0,2
19,100,0.0,1.0,0,0,1,0.4,0,2,3,access,comfort,0,0,0,0,1
19,101,0.0,0.3333,0,0,1,0.4,0,3,3,access,energy,0,1,0,0,0
19,102,0.5,0.6667,0,0,1,0.4,0,2,3,access,access,0,0,0,1,1
19,103,0.0,0.3333,0,0,1,0.4,0,3,3,access,lighting,0,1,0,0,0
19,104,1.0,1.0,0,0,1,0.4,0,1,3,access,lighting,0,1,0,1,2
19,105,0.0,1.0,0,0,1,0.4,0,3,3,access,energy,0,0,0,0,1
19,106,0.0,1.0,1,0,1,0.9,0,3,3,access,security,0,0,0,0,2
19,107,0.0,0.3333,0,0,1,0.4,0,2,3,access,climate,0,1,0,1,0
19,108,0.5,0.6667,0,0,1,0.4,0,2,3,access,access,0,0,0,1,1
19,109,0.0,1.0,0,1,1,0.4,0,3,3,access,access,0,1,0,0,0
19,110,0.5,0.6667,0,0,1,0.4,0,2,3,access,energy,0,0,0,1,1
19,111,0.3333,1.0,0,0,1,0.4,0,3,3,access,audio,0,0,0,1,2
19,112,0.0,0.3333,1,0,1,0.9,0,2,3,access,security,0,1,0,0,1
19,113,0.0,0.6667,0,0,1,0.4,0,2,3,access,audio,0,0,0,0,1
19,114,0.0,1.0,0,1,1,0.4,0,2,3,access,audio,0,1,0,0,0
19,115,0.0,0.6667,0,0,1,0.4,0,4,3,access,access,0,0,0,0,1
19,116,0.5,1.0,0,0,1,0.4,0,2,3,access,audio,0,0,0,0,2
19,117,0.0,0.3333,0,0,1,0.4,0,3,3,access,access,0,0,0,1,0
19,118,0.0,0.3333,0,0,1,0.9,0,2,3,access,security,0,0,0,1,0
19,119,0.0,0.6667,0,0,1,0.4,0,2,3,access,climate,0,0,0,0,1
19,120,1.0,1.0,0,0,1,0.4,0,1,3,access,energy,0,1,0,0,2
19,121,0.0,0.3333,0,0,1,0.4,0,3,3,access,access,0,0,0,0,0
19,122,0.0,1.0,0,0,1,0.4,0,3,3,access,climate,0,0,0,0,1
19,123,0.0,1.0,0,0,1,0.9,0,3,3,access,security,0,0,0,0,1
19,124,0.0,0.6667,0,0,1,0.4,0,4,3,access,audio,0,0,0,0,1
19,125,0.5,1.0,0,0,1,0.4,0,2,3,access,energy,0,0,0,1,2
19,126,0.0,0.6667,0,0,1,0.4,0,3,3,access,access,0,0,0,0,1
19,127,0.5,1.0,0,0,1,0.4,0,2,3,access,energy,0,0,0,1,2
19,128,0.0,0.3333,0,0,1,0.4,0,2,3,access,audio,0,1,0,1,0
19,129,1.0,0.3333,0,0,1,0.4,0,1,3,access,climate,0,0,0,0,2
20,100,0.0,0.6667,0,0,1,0.8,0,2,3,lighting,comfort,0,0,0,0,1
20,101,0.0,0.0,0,0,1,0.4,0,3,3,lighting,energy,0,1,0,0,0
20,102,0.5,1.0,0,0,1,0.4,0,2,2,lighting,access,0,0,0,1,1
20,103,0.0,0.0,1,0,1,0.9,0,3,3,lighting,lighting,0,1,0,0,0
20,104,1.0,0.6667,0,0,1,0.9,0,1,3,lighting,lighting,0,1,0,1,2
20,105,0.0,0.6667,0,0,1,0.4,0,3,3,lighting,energy,0,0,0,0,1
20,106,0.0,0.6667,0,0,1,0.8,0,3,3,lighting,security,0,0,0,0,1
20,107,0.0,0.0,0,0,1,0.4,0,2,3,lighting,climate,0,1,0,1,1
20,108,0.5,0.3333,0,0,1,0.4,0,2,3,lighting,access,0,0,0,1,2
20,109,0.0,0.6667,1,1,1,0.4,0,3,3,lighting,access,0,1,0,0,0
20,110,0.5,1.0,0,0,1,0.4,0,2,2,lighting,energy,0,0,0,1,2
20,111,0.3333,0.6667,0,0,1,0.7,0,3,3,lighting,audio,0,0,0,1,1
20,112,0.0,0.5,0,0,1,0.8,0,2,2,lighting,security,0,1,0,0,1
20,113,0.0,0.3333,0,0,1,0.7,0,2,3,lighting,audio,0,0,0,0,0
20,114,0.0,0.6667,0,1,1,0.7,0,2,3,lighting,audio,0,1,0,0,0
20,115,0.0,1.0,0,0,1,0.4,0,4,2,lighting,access,0,0,0,0,1
20,116,0.5,0.6667,0,0,1,0.7,0,2,3,lighting,audio,0,0,0,0,1
20,117,0.0,0.5,0,0,1,0.4,0,3,2,lighting,access,0,0,0,1,0
20,118,0.0,0.0,0,0,1,0.8,0,2,3,lighting,security,0,0,0,1,0
20,119,0.0,0.3333,0,0,1,0.4,0,2,3,lighting,climate,0,0,0,0,0
20,120,1.0,0.6667,0,0,1,0.4,0,1,3,lighting,energy,0,1,0,0,2
20,121,0.0,0.5,0,0,1,0.4,0,3,2,lighting,access,0,0,0,0,1
20,122,0.0,0.6667,0,0,1,0.4,0,3,3,lighting,climate,0,0,0,0,1
20,123,0.0,0.6667,0,0,1,0.8,0,3,3,lighting,security,0,0,0,0,1
20,124,0.0,0.3333,0,0,1,0.7,0,4,3,lighting,audio,0,0,0,0,0
20,125,0.5,0.6667,0,0,1,0.4,0,2,3,lighting,energy,0,0,0,1,1
20,126,0.0,1.0,0,0,1,0.4,0,3,2,lighting,access,0,0,0,0,1
20,127,0.5,0.6667,1,0,1,0.4,0,2,3,lighting,energy,0,0,0,1,2
20,128,0.0,0.5,0,0,1,0.7,0,2,2,lighting,audio,0,1,0,1,1
20,129,1.0,0.5,0,0,1,0.4,0,1,2,lighting,climate,0,0,0,0,2
100,101,0.0,0.3333,0,0,1,0.4,0,3,3,comfort,energy,0,1,0,0,0
100,102,0.0,0.6667,0,0,1,0.4,0,3,3,comfort,access,0,0,0,1,1
100,103,0.0,0.3333,0,0,1,0.8,0,3,3,comfort,lighting,0,1,0,0,0
100,104,0.0,1.0,0,0,1,0.8,0,2,3,comfort,lighting,0,1,0,1,1
100,105,0.0,1.0,0,0,1,0.4,0,3,3,comfort,energy,0,0,0,0,1
100,106,0.0,1.0,0,0,1,0.4,0,3,3,comfort,security,0,0,0,0,1
100,107,0.0,0.3333,0,0,1,0.7,0,2,3,comfort,climate,0,1,0,1,0
100,108,0.0,0.6667,0,0,1,0.4,0,3,3,comfort,access,0,0,0,1,1
100,109,0.0,1.0,0,1,1,0.4,0,3,3,comfort,access,0,1,0,0,0
100,110,0.0,0.6667,0,0,1,0.4,0,3,3,comfort,energy,0,0,0,1,1
100,111,0.0,1.0,0,0,1,0.6,0,4,3,comfort,audio,0,0,0,1,1
100,112,0.0,0.3333,0,0,1,0.4,0,2,3,comfort,security,0,1,0,0,0
100,113,0.0,0.6667,0,0,1,0.6,0,2,3,comfort,audio,0,0,0,0,1
100,114,0.0,1.0,0,1,1,0.6,0,2,3,comfort,audio,0,1,0,0,1
100,115,0.0,0.6667,0,0,1,0.4,0,4,3,comfort,access,0,0,0,0,1
100,116,0.0,1.0,0,0,1,0.6,0,3,3,comfort,audio,0,0,0,0,1
100,117,0.5,0.3333,0,0,1,0.4,0,2,3,comfort,access,0,0,0,1,1
100,118,0.0,0.3333,0,0,1,0.4,0,2,3,comfort,security,0,0,0,1,0
100,119,0.0,0.6667,0,0,1,0.7,0,2,3,comfort,climate,0,0,0,0,1
100,120,0.0,1.0,0,0,1,0.4,0,2,3,comfort,energy,0,1,0,0,1
100,121,0.5,0.3333,0,0,1,0.4,0,2,3,comfort,access,0,0,0,0,1
100,122,0.5,1.0,0,0,1,0.7,0,2,3,comfort,climate,0,0,0,0,2
100,123,0.0,1.0,0,0,1,0.4,0,3,3,comfort,security,0,0,0,0,1
100,124,0.3333,0.6667,0,0,1,0.6,0,3,3,comfort,audio,0,0,0,0,1
100,125,0.0,1.0,0,0,1,0.4,0,3,3,comfort,energy,0,0,0,1,1
100,126,0.0,0.6667,0,0,1,0.4,0,3,3,comfort,access,0,0,0,0,1
100,127,0.0,1.0,0,0,1,0.4,0,3,3,comfort,energy,0,0,0,1,1
100,128,1.0,0.3333,0,0,1,0.6,0,1,3,comfort,audio,0,1,0,1,2
100,129,0.0,0.3333,0,0,1,0.7,0,2,3,comfort,climate,0,0,0,0,0
101,102,0.0,0.0,0,0,1,0.4,0,4,3,energy,access,1,0,0,1,0
101,103,0.3333,1.0,0,0,1,0.4,1,3,1,energy,lighting,1,1,0,0,2
101,104,0.0,0.3333,0,0,1,0.4,1,3,3,energy,lighting,1,1,0,1,0
101,105,1.0,0.3333,0,0,1,0.4,0,2,3,energy,energy,1,0,0,0,2
101,106,0.3333,0.3333,0,0,1,0.7,0,3,3,energy,security,1,0,0,0,1
101,107,0.0,1.0,0,0,1,0.9,1,3,1,energy,climate,1,1,0,1,1
101,108,0.0,0.5,0,0,1,0.4,0,4,2,energy,access,1,0,0,1,0
101,109,0.3333,0.3333,0,0,1,0.4,1,3,3,energy,access,1,1,0,0,1
101,110,0.0,0.0,0,0,1,0.4,0,4,3,energy,energy,1,0,0,1,0
101,111,0.25,0.3333,0,0,1,0.4,0,4,3,energy,audio,1,0,0,1,1
101,112,0.5,0.0,0,0,1,0.7,1,2,2,energy,security,1,1,0,0,1
101,113,0.5,0.5,0,0,1,0.4,0,2,2,energy,audio,1,0,0,0,1
101,114,0.0,0.3333,0,0,1,0.4,1,3,3,energy,audio,1,1,0,0,0
101,115,0.25,0.0,0,0,1,0.4,0,4,3,energy,access,1,0,0,0,0
101,116,0.0,0.3333,0,0,1,0.4,0,4,3,energy,audio,1,0,0,0,0
101,117,0.0,0.0,0,0,1,0.4,0,4,2,energy,access,1,0,0,1,0
101,118,0.5,1.0,0,0,1,0.7,0,2,1,energy,security,1,0,0,1,2
101,119,0.0,0.5,0,0,1,0.9,0,3,2,energy,climate,1,0,0,0,1
101,120,0.0,0.3333,0,0,1,0.4,1,3,3,energy,energy,1,1,0,0,0
101,121,0.0,0.0,0,0,1,0.4,0,4,2,energy,access,1,0,0,0,1
101,122,0.0,0.3333,0,0,1,0.9,0,4,3,energy,climate,1,0,0,0,0
101,123,1.0,0.3333,0,0,1,0.7,0,2,3,energy,security,1,0,0,0,2
101,124,0.25,0.5,0,0,1,0.4,0,4,2,energy,audio,1,0,0,0,1
101,125,0.3333,0.3333,0,0,1,0.4,0,3,3,energy,energy,1,0,0,1,0
101,126,0.3333,0.0,0,0,1,0.4,0,3,3,energy,access,1,0,0,0,0
101,127,0.0,0.3333,0,0,1,0.4,0,4,3,energy,energy,1,0,0,1,0
101,128,0.0,0.0,0,0,1,0.4,1,3,2,energy,audio,1,1,0,1,0
101,129,0.0,0.0,0,0,1,0.9,0,3,2,energy,climate,1,0,0,0,0
102,103,0.0,0.0,0,0,1,0.4,0,4,3,access,lighting,0,1,1,0,0
102,104,0.5,0.6667,0,0,0,0.4,0,2,3,access,lighting,0,1,1,1,1
102,105,0.0,0.6667,0,0,1,0.4,0,4,3,access,energy,0,0,1,0,1
102,106,0.3333,0.6667,0,0,1,0.9,0,3,3,access,security,0,0,1,0,1
102,107,0.0,0.0,0,0,0,0.4,0,3,3,access,climate,0,1,1,1,0
102,108,0.3333,0.3333,1,0,0,0.4,0,3,3,access,access,0,0,1,1,2
102,109,0.3333,0.6667,0,0,1,0.4,0,3,3,access,access,0,1,1,0,1
102,110,1.0,1.0,0,0,0,0.4,0,2,2,access,energy,0,0,1,1,2
102,111,0.6667,0.6667,0,0,0,0.4,0,3,3,access,audio,0,0,1,1,1
102,112,0.0,0.5,0,0,1,0.9,0,3,2,access,security,0,1,1,0,1
102,113,0.0,0.3333,0,0,1,0.4,0,3,3,access,audio,0,0,1,0,0
102,114,0.5,0.6667,0,0,1,0.4,0,2,3,access,audio,0,1,1,0,1
102,115,0.25,1.0,0,0,1,0.4,0,4,2,access,access,0,0,1,0,1
102,116,1.0,0.6667,0,0,1,0.4,0,2,3,access,audio,0,0,1,0,2
102,117,0.0,0.5,0,0,0,0.4,0,4,2,access,access,0,0,1,1,0
102,118,0.0,0.0,1,0,0,0.9,0,3,3,access,security,0,0,1,1,0
102,119,0.5,0.3333,1,0,1,0.4,0,2,3,access,climate,0,0,1,0,1
102,120,0.5,0.6667,0,0,1,0.4,0,2,3,access,energy,0,1,1,0,1
102,121,0.3333,0.5,0,0,1,0.4,0,3,2,access,access,0,0,1,0,1
102,122,0.0,0.6667,0,0,1,0.4,0,4,3,access,climate,0,0,1,0,1
102,123,0.0,0.6667,0,0,1,0.9,0,4,3,access,security,0,0,1,0,1
102,124,0.25,0.3333,0,0,1,0.4,0,4,3,access,audio,0,0,1,0,2
102,125,0.3333,0.6667,0,0,0,0.4,0,3,3,access,energy,0,0,1,1,1
102,126,0.0,1.0,0,0,1,0.4,0,4,2,access,access,0,0,1,0,1
102,127,1.0,0.6667,0,0,0,0.4,0,2,3,access,energy,0,0,1,1,2
102,128,0.0,0.5,0,0,0,0.4,0,3,2,access,audio,0,1,1,1,0
102,129,0.5,0.5,0,0,1,0.4,0,2,2,access,climate,0,0,1,0,1
103,104,0.0,0.3333,0,0,1,0.9,1,3,3,lighting,lighting,1,1,0,1,0
103,105,0.3333,0.3333,0,0,1,0.4,0,3,3,lighting,energy,1,0,0,0,1
103,106,0.3333,0.3333,0,0,1,0.8,0,3,3,lighting,security,1,0,0,0,1
103,107,0.5,1.0,0,0,1,0.4,1,2,1,lighting,climate,1,1,0,1,2
103,108,0.3333,0.5,0,0,1,0.4,0,3,2,lighting,access,1,0,0,1,1
103,109,0.0,0.3333,1,0,1,0.4,1,4,3,lighting,access,1,1,0,0,1
103,110,0.0,0.0,0,0,1,0.4,0,4,3,lighting,energy,1,0,0,1,0
103,111,0.25,0.3333,0,0,1,0.7,0,4,3,lighting,audio,1,0,0,1,1
103,112,0.0,0.0,0,0,1,0.8,1,3,2,lighting,security,1,1,0,0,0
103,113,0.5,0.5,0,0,1,0.7,0,2,2,lighting,audio,1,0,0,0,1
103,114,0.0,0.3333,0,0,1,0.7,1,3,3,lighting,audio,1,1,0,0,0
103,115,0.25,0.0,0,0,1,0.4,0,4,3,lighting,access,1,0,0,0,0
103,116,0.0,0.3333,0,0,1,0.7,0,4,3,lighting,audio,1,0,0,0,0
103,117,0.3333,0.0,0,0,1,0.4,0,3,2,lighting,access,1,0,0,1,0
103,118,0.5,1.0,0,0,1,0.8,0,2,1,lighting,security,1,0,0,1,2
103,119,0.0,0.5,0,0,1,0.4,0,3,2,lighting,climate,1,0,0,0,0
103,120,0.0,0.3333,0,0,1,0.4,1,3,3,lighting,energy,1,1,0,0,0
103,121,0.0,0.0,0,0,1,0.4,0,4,2,lighting,access,1,0,0,0,0
103,122,0.3333,0.3333,0,0,1,0.4,0,3,3,lighting,climate,1,0,0,0,1
103,123,0.3333,0.3333,0,0,1,0.8,0,3,3,lighting,security,1,0,0,0,1
103,124,0.0,0.5,0,0,1,0.7,0,5,2,lighting,audio,1,0,0,0,1
103,125,0.0,0.3333,0,0,1,0.4,0,4,3,lighting,energy,1,0,0,1,0
103,126,0.3333,0.0,0,0,1,0.4,0,3,3,lighting,access,1,0,0,0,0
103,127,0.0,0.3333,1,0,1,0.4,0,4,3,lighting,energy,1,0,0,1,1
103,128,0.0,0.0,0,0,1,0.7,1,3,2,lighting,audio,1,1,0,1,0
103,129,0.0,0.0,0,0,1,0.4,0,3,2,lighting,climate,1,0,0,0,0
104,105,0.0,1.0,1,0,1,0.4,0,3,3,lighting,energy,1,0,1,0,1
104,106,0.0,1.0,0,0,1,0.8,0,3,3,lighting,security,1,0,1,0,1
104,107,0.0,0.3333,0,0,0,0.4,1,2,3,lighting,climate,1,1,1,1,0
104,108,0.5,0.6667,0,0,0,0.4,0,2,3,lighting,access,1,0,1,1,1
104,109,0.0,1.0,0,0,1,0.4,1,3,3,lighting,access,1,1,1,0,2
104,110,0.5,0.6667,1,0,0,0.4,0,2,3,lighting,energy,1,0,1,1,1
104,111,0.3333,1.0,0,0,0,0.7,0,3,3,lighting,audio,1,0,1,1,1
104,112,0.0,0.3333,0,0,1,0.8,1,2,3,lighting,security,1,1,1,0,0
104,113,0.0,0.6667,0,0,1,0.7,0,2,3,lighting,audio,1,0,1,0,1
104,114,0.0,1.0,0,0,1,0.7,1,2,3,lighting,audio,1,1,1,0,1
104,115,0.0,0.6667,1,0,1,0.4,0,4,3,lighting,access,1,0,1,0,1
104,116,0.5,1.0,0,0,1,0.7,0,2,3,lighting,audio,1,0,1,0,2
104,117,0.0,0.3333,0,0,0,0.4,0,3,3,lighting,access,1,0,1,1,0
104,118,0.0,0.3333,0,0,0,0.8,0,2,3,lighting,security,1,0,1,1,0
104,119,0.0,0.6667,0,0,1,0.4,0,2,3,lighting,climate,1,0,1,0,2
104,120,1.0,1.0,0,0,1,0.4,1,1,3,lighting,energy,1,1,1,0,2
104,121,0.0,0.3333,0,0,1,0.4,0,3,3,lighting,access,1,0,1,0,0
104,122,0.0,1.0,0,0,1,0.4,0,3,3,lighting,climate,1,0,1,0,1
104,123,0.0,1.0,0,0,1,0.8,0,3,3,lighting,security,1,0,1,0,1
104,124,0.0,0.6667,0,0,1,0.7,0,4,3,lighting,audio,1,0,1,0,1
104,125,0.5,1.0,0,0,0,0.4,0,2,3,lighting,energy,1,0,1,1,1
104,126,0.0,0.6667,0,0,1,0.4,0,3,3,lighting,access,1,0,1,0,0
104,127,0.5,1.0,0,0,0,0.4,0,2,3,lighting,energy,1,0,1,1,1
104,128,0.0,0.3333,0,0,0,0.7,1,2,3,lighting,audio,1,1,1,1,0
104,129,1.0,0.3333,0,0,1,0.4,0,1,3,lighting,climate,1,0,1,0,2
105,106,0.3333,1.0,0,0,1,0.7,0,3,3,energy,security,0,0,0,0,1
105,107,0.0,0.3333,0,0,1,0.9,0,3,3,energy,climate,0,1,0,1,0
105,108,0.0,0.6667,0,0,1,0.4,0,4,3,energy,access,0,0,0,1,1
105,109,0.3333,1.0,0,1,1,0.4,0,3,3,energy,access,0,1,0,0,1
105,110,0.0,0.6667,1,0,1,0.4,0,4,3,energy,energy,0,0,0,1,1
105,111,0.25,1.0,0,0,1,0.4,0,4,3,energy,audio,0,0,0,1,1
105,112,0.5,0.3333,0,0,1,0.7,0,2,3,energy,security,0,1,0,0,1
105,113,0.5,0.6667,0,0,1,0.4,0,2,3,energy,audio,0,0,0,0,1
105,114,0.0,1.0,0,1,1,0.4,0,3,3,energy,audio,0,1,0,0,0
105,115,0.25,0.6667,1,0,1,0.4,0,4,3,energy,access,0,0,0,0,1
105,116,0.0,1.0,0,0,1,0.4,0,4,3,energy,audio,0,0,0,0,1
105,117,0.0,0.3333,0,0,1,0.4,0,4,3,energy,access,0,0,0,1,0
105,118,0.5,0.3333,0,0,1,0.7,0,2,3,energy,security,0,0,0,1,1
105,119,0.0,0.6667,0,0,1,0.9,0,3,3,energy,climate,0,0,0,0,1
105,120,0.0,1.0,0,0,1,0.4,0,3,3,energy,energy,0,1,0,0,1
105,121,0.0,0.3333,0,0,1,0.4,0,4,3,energy,access,0,0,0,0,0
105,122,0.0,1.0,0,0,1,0.9,0,4,3,energy,climate,0,0,0,0,1
105,123,1.0,1.0,0,0,1,0.7,0,2,3,energy,security,0,0,0,0,2
105,124,0.25,0.6667,0,0,1,0.4,0,4,3,energy,audio,0,0,0,0,1
105,125,0.3333,1.0,0,0,1,0.4,0,3,3,energy,energy,0,0,0,1,2
105,126,0.3333,0.6667,0,0,1,0.4,0,3,3,energy,access,0,0,0,0,1
105,127,0.0,1.0,0,0,1,0.4,0,4,3,energy,energy,0,0,0,1,1
105,128,0.0,0.3333,0,0,1,0.4,0,3,3,energy,audio,0,1,0,1,0
105,129,0.0,0.3333,0,0,1,0.9,0,3,3,energy,climate,0,0,0,0,0
106,107,0.0,0.3333,0,0,1,0.4,0,3,3,security,climate,0,1,0,1,1
106,108,0.0,0.6667,0,0,1,0.9,0,4,3,security,access,0,0,0,1,1
106,109,0.3333,1.0,0,0,1,0.9,0,3,3,security,access,0,1,0,0,2
106,110,0.3333,0.6667,0,0,1,0.7,0,3,3,security,energy,0,0,0,1,1
106,111,0.6667,1.0,0,0,1,0.4,0,3,3,security,audio,0,0,0,1,2
106,112,0.0,0.3333,1,0,1,1.0,0,3,3,security,security,0,1,0,0,1
106,113,0.5,0.6667,0,0,1,0.4,0,2,3,security,audio,0,0,0,0,1
106,114,0.5,1.0,0,0,1,0.4,0,2,3,security,audio,0,1,0,0,2
106,115,0.25,0.6667,0,0,1,0.9,0,4,3,security,access,0,0,0,0,1
106,116,0.3333,1.0,0,0,1,0.4,0,3,3,security,audio,0,0,0,0,2
106,117,0.0,0.3333,0,0,1,0.9,0,4,3,security,access,0,0,0,1,0
106,118,0.5,0.3333,0,0,1,1.0,0,2,3,security,security,0,0,0,1,1
106,119,0.5,0.6667,0,0,1,0.4,0,2,3,security,climate,0,0,0,0,1
106,120,0.0,1.0,0,0,1,0.7,0,3,3,security,energy,0,1,0,0,1
106,121,0.3333,0.3333,0,0,1,0.9,0,3,3,security,access,0,0,0,0,1
106,122,0.0,1.0,0,0,1,0.4,0,4,3,security,climate,0,0,0,0,1
106,123,0.3333,1.0,0,0,1,1.0,0,3,3,security,security,0,0,0,0,2
106,124,0.25,0.6667,0,0,1,0.4,0,4,3,security,audio,0,0,0,0,1
106,125,0.0,1.0,0,0,1,0.7,0,4,3,security,energy,0,0,0,1,1
106,126,0.0,0.6667,0,0,1,0.9,0,4,3,security,access,0,0,0,0,1
106,127,0.3333,1.0,0,0,1,0.7,0,3,3,security,energy,0,0,0,1,2
106,128,0.0,0.3333,0,0,1,0.4,0,3,3,security,audio,0,1,0,1,0
106,129,0.0,0.3333,0,0,1,0.4,0,3,3,security,climate,0,0,0,0,0
107,108,0.5,0.5,0,0,0,0.4,0,2,2,climate,access,1,0,1,1,1
107,109,0.0,0.3333,0,0,1,0.4,1,3,3,climate,access,1,1,1,0,0
107,110,0.0,0.0,0,0,0,0.9,0,3,3,climate,energy,1,0,1,1,0
107,111,0.0,0.3333,0,0,0,0.4,0,4,3,climate,audio,1,0,1,1,0
107,112,0.0,0.0,0,0,1,0.4,1,2,2,climate,security,1,1,1,0,0
107,113,0.0,0.5,0,0,1,0.4,0,2,2,climate,audio,1,0,1,0,0
107,114,0.0,0.3333,0,0,1,0.4,1,2,3,climate,audio,1,1,1,0,0
107,115,0.3333,0.0,0,0,1,0.4,0,3,3,climate,access,1,0,1,0,0
107,116,0.0,0.3333,0,0,1,0.4,0,3,3,climate,audio,1,0,1,0,0
107,117,0.5,0.0,0,0,0,0.4,0,2,2,climate,access,1,0,1,1,0
107,118,0.0,1.0,0,0,0,0.4,0,2,1,climate,security,1,0,1,1,1
107,119,0.0,0.5,0,0,1,0.4,0,2,2,climate,climate,1,0,1,0,0
107,120,0.0,0.3333,0,0,1,0.9,1,2,3,climate,energy,1,1,1,0,0
107,121,0.0,0.0,1,0,1,0.4,0,3,2,climate,access,1,0,1,0,0
107,122,0.5,0.3333,1,0,1,0.4,0,2,3,climate,climate,1,0,1,0,1
107,123,0.0,0.3333,0,0,1,0.4,0,3,3,climate,security,1,0,1,0,0
107,124,0.0,0.5,0,0,1,0.4,0,4,2,climate,audio,1,0,1,0,0
107,125,0.0,0.3333,0,0,0,0.9,0,3,3,climate,energy,1,0,1,1,0
107,126,0.5,0.0,0,0,1,0.4,0,2,3,climate,access,1,0,1,0,1
107,127,0.0,0.3333,0,0,0,0.9,0,3,3,climate,energy,1,0,1,1,0
107,128,0.0,0.0,0,0,0,0.4,1,2,2,climate,audio,1,1,1,1,0
107,129,0.0,0.0,0,0,1,0.4,0,2,2,climate,climate,1,0,1,0,0
108,109,0.0,0.6667,0,1,1,0.4,0,4,3,access,access,0,1,1,0,0
108,110,0.3333,0.3333,0,0,0,0.4,0,3,3,access,energy,0,0,1,1,0
108,111,0.25,0.6667,0,0,0,0.4,0,4,3,access,audio,0,0,1,1,1
108,112,0.0,0.5,0,0,1,0.9,0,3,2,access,security,0,1,1,0,1
108,113,0.0,0.3333,0,0,1,0.4,0,3,3,access,audio,0,0,1,0,0
108,114,0.0,0.6667,0,1,1,0.4,0,3,3,access,audio,0,1,1,0,0
108,115,0.25,0.3333,0,0,1,0.4,0,4,3,access,access,0,0,1,0,1
108,116,0.3333,0.6667,0,0,1,0.4,0,3,3,access,audio,0,0,1,0,1
108,117,0.3333,0.0,0,0,0,0.4,0,3,3,access,access,0,0,1,1,0
108,118,0.0,0.5,1,0,0,0.9,0,3,2,access,security,0,0,1,1,1
108,119,0.0,0.3333,1,0,1,0.4,0,3,3,access,climate,0,0,1,0,1
108,120,0.5,0.6667,0,0,1,0.4,0,2,3,access,energy,0,1,1,0,1
108,121,0.0,0.5,0,0,1,0.4,0,4,2,access,access,0,0,1,0,0
108,122,0.3333,0.6667,0,0,1,0.4,0,3,3,access,climate,0,0,1,0,1
108,123,0.0,0.6667,0,0,1,0.9,0,4,3,access,security,0,0,1,0,2
108,124,0.0,1.0,0,0,1,0.4,0,5,2,access,audio,0,0,1,0,1
108,125,0.3333,0.6667,0,0,0,0.4,0,3,3,access,energy,0,0,1,1,1
108,126,0.3333,0.3333,0,0,1,0.4,0,3,3,access,access,0,0,1,0,1
108,127,0.3333,0.6667,0,0,0,0.4,0,3,3,access,energy,0,0,1,1,1
108,128,0.0,0.0,0,0,0,0.4,0,3,3,access,audio,0,1,1,1,0
108,129,0.5,0.5,0,0,1,0.4,0,2,2,access,climate,0,0,1,0,1
109,110,0.3333,0.6667,0,0,1,0.4,0,3,3,access,energy,1,0,0,1,1
109,111,0.25,1.0,0,0,1,0.4,0,4,3,access,audio,1,0,0,1,1
109,112,0.5,0.3333,0,0,1,0.9,1,2,3,access,security,1,1,0,0,1
109,113,0.0,0.6667,0,1,1,0.4,0,3,3,access,audio,1,0,0,0,0
109,114,0.5,1.0,0,0,1,0.4,1,2,3,access,audio,1,1,0,0,2
109,115,0.6667,0.6667,0,0,1,0.4,0,3,3,access,access,1,0,0,0,2
109,116,0.3333,1.0,0,0,1,0.4,0,3,3,access,audio,1,0,0,0,2
109,117,0.0,0.3333,0,1,1,0.4,0,4,3,access,access,1,0,0,1,0
109,118,0.0,0.3333,0,1,1,0.9,0,3,3,access,security,1,0,0,1,1
109,119,0.5,0.6667,0,0,1,0.4,0,2,3,access,climate,1,0,0,0,1
109,120,0.0,1.0,0,0,1,0.4,1,3,3,access,energy,1,1,0,0,1
109,121,0.3333,0.3333,0,0,1,0.4,0,3,3,access,access,1,0,0,0,1
109,122,0.0,1.0,0,1,1,0.4,0,4,3,access,climate,1,0,0,0,0
109,123,0.3333,1.0,0,1,1,0.9,0,3,3,access,security,1,0,0,0,1
109,124,0.6667,0.6667,0,0,1,0.4,0,3,3,access,audio,1,0,0,0,2
109,125,0.3333,1.0,0,1,1,0.4,0,3,3,access,energy,1,0,0,1,1
109,126,0.3333,0.6667,0,1,1,0.4,0,3,3,access,access,1,0,0,0,1
109,127,0.3333,1.0,1,0,1,0.4,0,3,3,access,energy,1,0,0,1,2
109,128,0.0,0.3333,0,0,1,0.4,1,3,3,access,audio,1,1,0,1,1
109,129,0.0,0.3333,0,1,1,0.4,0,3,3,access,climate,1,0,0,0,0
110,111,0.6667,0.6667,0,0,0,0.4,0,3,3,energy,audio,0,0,1,1,1
110,112,0.0,0.5,0,0,1,0.7,0,3,2,energy,security,0,1,1,0,1
110,113,0.0,0.3333,0,0,1,0.4,0,3,3,energy,audio,0,0,1,0,0
110,114,0.5,0.6667,0,0,1,0.4,0,2,3,energy,audio,0,1,1,0,1
110,115,0.25,1.0,1,0,1,0.4,0,4,2,energy,access,0,0,1,0,2
110,116,1.0,0.6667,0,0,1,0.4,0,2,3,energy,audio,0,0,1,0,2
110,117,0.0,0.5,0,0,0,0.4,0,4,2,energy,access,0,0,1,1,0
110,118,0.0,0.0,0,0,0,0.7,0,3,3,energy,security,0,0,1,1,0
110,119,0.5,0.3333,0,0,1,0.9,0,2,3,energy,climate,0,0,1,0,1
110,120,0.5,0.6667,0,0,1,0.4,0,2,3,energy,energy,0,1,1,0,1
110,121,0.3333,0.5,0,0,1,0.4,0,3,2,energy,access,0,0,1,0,1
110,122,0.0,0.6667,0,0,1,0.9,0,4,3,energy,climate,0,0,1,0,1
110,123,0.0,0.6667,0,0,1,0.7,0,4,3,energy,security,0,0,1,0,1
110,124,0.25,0.3333,0,0,1,0.4,0,4,3,energy,audio,0,0,1,0,1
110,125,0.3333,0.6667,0,0,0,0.4,0,3,3,energy,energy,0,0,1,1,1
110,126,0.0,1.0,0,0,1,0.4,0,4,2,energy,access,0,0,1,0,1
110,127,1.0,0.6667,0,0,0,0.4,0,2,3,energy,energy,0,0,1,1,2
110,128,0.0,0.5,0,0,0,0.4,0,3,2,energy,audio,0,1,1,1,0
110,129,0.5,0.5,0,0,1,0.9,0,2,2,energy,climate,0,0,1,0,1
111,112,0.0,0.3333,0,0,1,0.4,0,4,3,audio,security,0,1,1,0,0
111,113,0.3333,0.6667,0,0,1,0.4,0,3,3,audio,audio,0,0,1,0,1
111,114,0.3333,1.0,0,0,1,0.4,0,3,3,audio,audio,0,1,1,0,2
111,115,0.2,0.6667,0,0,1,0.4,0,5,3,audio,access,0,0,1,0,1
111,116,0.6667,1.0,0,0,1,0.4,0,3,3,audio,audio,0,0,1,0,2
111,117,0.0,0.3333,0,0,0,0.4,0,5,3,audio,access,0,0,1,1,0
111,118,0.3333,0.3333,0,0,0,0.4,0,3,3,audio,security,0,0,1,1,0
111,119,0.3333,0.6667,0,0,1,0.4,0,3,3,audio,climate,0,0,1,0,1
111,120,0.3333,1.0,0,0,1,0.4,0,3,3,audio,energy,0,1,1,0,2
111,121,0.25,0.3333,0,0,1,0.4,0,4,3,audio,access,0,0,1,0,1
111,122,0.0,1.0,0,0,1,0.4,0,5,3,audio,climate,0,0,1,0,1
111,123,0.25,1.0,0,0,1,0.4,0,4,3,audio,security,0,0,1,0,1
111,124,0.2,0.6667,0,0,1,0.4,0,5,3,audio,audio,0,0,1,0,1
111,125,0.25,1.0,0,0,0,0.4,0,4,3,audio,energy,0,0,1,1,0
111,126,0.0,0.6667,0,0,1,0.4,0,5,3,audio,access,0,0,1,0,1
111,127,0.6667,1.0,0,0,0,0.4,0,3,3,audio,energy,0,0,1,1,2
111,128,0.0,0.3333,0,0,0,0.4,0,4,3,audio,audio,0,1,1,1,0
111,129,0.3333,0.3333,0,0,1,0.4,0,3,3,audio,climate,0,0,1,0,1
112,113,0.0,0.0,0,0,1,0.4,0,2,3,security,audio,1,0,0,0,0
112,114,0.0,0.3333,0,0,1,0.4,1,2,3,security,audio,1,1,0,0,0
112,115,0.3333,0.5,0,0,1,0.9,0,3,2,security,access,1,0,0,0,0
112,116,0.0,0.3333,0,0,1,0.4,0,3,3,security,audio,1,0,0,0,0
112,117,0.0,0.0,0,0,1,0.9,0,3,2,security,access,1,0,0,1,0
112,118,0.0,0.0,0,0,1,1.0,0,2,2,security,security,1,0,0,1,0
112,119,0.0,0.0,0,0,1,0.4,0,2,3,security,climate,1,0,0,0,0
112,120,0.0,0.3333,0,0,1,0.7,1,2,3,security,energy,1,1,0,0,0
112,121,0.0,1.0,0,0,1,0.9,0,3,1,security,access,1,0,0,0,1
112,122,0.0,0.3333,0,0,1,0.4,0,3,3,security,climate,1,0,0,0,0
112,123,0.5,0.3333,0,0,1,1.0,0,2,3,security,security,1,0,0,0,1
112,124,0.3333,0.5,0,0,1,0.4,0,3,2,security,audio,1,0,0,0,1
112,125,0.5,0.3333,0,0,1,0.7,0,2,3,security,energy,1,0,0,1,1
112,126,0.5,0.5,0,0,1,0.9,0,2,2,security,access,1,0,0,0,1
112,127,0.0,0.3333,0,0,1,0.7,0,3,3,security,energy,1,0,0,1,0
112,128,0.0,0.0,0,0,1,0.4,1,2,2,security,audio,1,1,0,1,0
112,129,0.0,1.0,0,0,1,0.4,0,2,1,security,climate,1,0,0,0,1
113,114,0.0,0.6667,0,1,1,0.4,0,2,3,audio,audio,0,1,0,0,0
113,115,0.0,0.3333,0,0,1,0.4,0,4,3,audio,access,0,0,0,0,0
113,116,0.0,0.6667,1,0,1,0.4,0,3,3,audio,audio,0,0,0,0,1
113,117,0.0,0.5,0,0,1,0.4,0,3,2,audio,access,0,0,0,1,0
113,118,1.0,0.5,0,0,1,0.4,0,1,2,audio,security,0,0,0,1,2
113,119,0.0,1.0,0,0,1,0.4,0,2,2,audio,climate,0,0,0,0,1
113,120,0.0,0.6667,0,0,1,0.4,0,2,3,audio,energy,0,1,0,0,1
113,121,0.0,0.0,0,0,1,0.4,0,3,3,audio,access,0,0,0,0,0
113,122,0.0,0.6667,0,0,1,0.4,0,3,3,audio,climate,0,0,0,0,2
113,123,0.5,0.6667,0,0,1,0.4,0,2,3,audio,security,0,0,0,0,1
113,124,0.0,0.3333,0,0,1,0.4,0,4,3,audio,audio,0,0,0,0,0
113,125,0.0,0.6667,0,0,1,0.4,0,3,3,audio,energy,0,0,0,1,1
113,126,0.0,0.3333,0,0,1,0.4,0,3,3,audio,access,0,0,0,0,0
113,127,0.0,0.6667,0,0,1,0.4,0,3,3,audio,energy,0,0,0,1,1
113,128,0.0,0.5,0,0,1,0.4,0,2,2,audio,audio,0,1,0,1,1
113,129,0.0,0.0,0,0,1,0.4,0,2,3,audio,climate,0,0,0,0,0
114,115,0.3333,0.6667,0,0,1,0.4,0,3,3,audio,access,1,0,0,0,1
114,116,0.5,1.0,0,0,1,0.4,0,2,3,audio,audio,1,0,0,0,2
114,117,0.0,0.3333,0,1,1,0.4,0,3,3,audio,access,1,0,0,1,0
114,118,0.0,0.3333,0,1,1,0.4,0,2,3,audio,security,1,0,0,1,0
114,119,1.0,0.6667,0,0,1,0.4,0,1,3,audio,climate,1,0,0,0,2
114,120,0.0,1.0,0,0,1,0.4,1,2,3,audio,energy,1,1,0,0,1
114,121,0.5,0.3333,0,0,1,0.4,0,2,3,audio,access,1,0,0,0,1
114,122,0.0,1.0,0,1,1,0.4,0,3,3,audio,climate,1,0,0,0,0
114,123,0.0,1.0,0,1,1,0.4,0,3,3,audio,security,1,0,0,0,0
114,124,0.3333,0.6667,0,0,1,0.4,0,3,3,audio,audio,1,0,0,0,1
114,125,0.0,1.0,0,1,1,0.4,0,3,3,audio,energy,1,0,0,1,0
114,126,0.0,0.6667,0,1,1,0.4,0,3,3,audio,access,1,0,0,0,0
114,127,0.5,1.0,0,0,1,0.4,0,2,3,audio,energy,1,0,0,1,2
114,128,0.0,0.3333,0,0,1,0.4,1,2,3,audio,audio,1,1,0,1,0
114,129,0.0,0.3333,0,1,1,0.4,0,2,3,audio,climate,1,0,0,0,0
115,116,0.25,0.6667,0,0,1,0.4,0,4,3,access,audio,0,0,0,0,1
115,117,0.25,0.5,0,0,1,0.4,0,4,2,access,access,0,0,0,1,1
115,118,0.0,0.0,0,0,1,0.9,0,4,3,access,security,0,0,0,1,0
115,119,0.3333,0.3333,0,0,1,0.4,0,3,3,access,climate,0,0,0,0,1
115,120,0.0,0.6667,0,0,1,0.4,0,4,3,access,energy,0,1,0,0,1
115,121,0.25,0.5,0,0,1,0.4,0,4,2,access,access,0,0,0,0,1
115,122,0.25,0.6667,0,0,1,0.4,0,4,3,access,climate,0,0,0,0,1
115,123,0.25,0.6667,0,0,1,0.9,0,4,3,access,security,0,0,0,0,1
115,124,0.5,0.3333,0,0,1,0.4,0,4,3,access,audio,0,0,0,0,1
115,125,0.25,0.6667,0,0,1,0.4,0,4,3,access,energy,0,0,0,1,1
115,126,0.6667,1.0,0,0,1,0.4,0,3,2,access,access,0,0,0,0,2
115,127,0.25,0.6667,0,0,1,0.4,0,4,3,access,energy,0,0,0,1,1
115,128,0.0,0.5,0,0,1,0.4,0,4,2,access,audio,0,1,0,1,1
115,129,0.0,0.5,0,0,1,0.4,0,4,2,access,climate,0,0,0,0,0
116,117,0.0,0.3333,0,0,1,0.4,0,4,3,audio,access,0,0,0,1,0
116,118,0.0,0.3333,0,0,1,0.4,0,3,3,audio,security,0,0,0,1,0
116,119,0.5,0.6667,0,0,1,0.4,0,2,3,audio,climate,0,0,0,0,1
116,120,0.5,1.0,0,0,1,0.4,0,2,3,audio,energy,0,1,0,0,2
116,121,0.3333,0.3333,0,0,1,0.4,0,3,3,audio,access,0,0,0,0,1
116,122,0.0,1.0,0,0,1,0.4,0,4,3,audio,climate,0,0,0,0,1
116,123,0.0,1.0,0,0,1,0.4,0,4,3,audio,security,0,0,0,0,1
116,124,0.25,0.6667,0,0,1,0.4,0,4,3,audio,audio,0,0,0,0,1
116,125,0.3333,1.0,0,0,1,0.4,0,3,3,audio,energy,0,0,0,1,2
116,126,0.0,0.6667,0,0,1,0.4,0,4,3,audio,access,0,0,0,0,1
116,127,1.0,1.0,0,0,1,0.4,0,2,3,audio,energy,0,0,0,1,2
116,128,0.0,0.3333,0,0,1,0.4,0,3,3,audio,audio,0,1,0,1,0
116,129,0.5,0.3333,0,0,1,0.4,0,2,3,audio,climate,0,0,0,0,1
117,118,0.0,0.0,0,0,0,0.9,0,3,2,access,security,0,0,1,1,0
117,119,0.0,0.5,0,0,1,0.4,0,3,2,access,climate,0,0,1,0,0
117,120,0.0,0.3333,0,0,1,0.4,0,3,3,access,energy,0,1,1,0,0
117,121,0.3333,0.0,0,0,1,0.4,0,3,2,access,access,0,0,1,0,0
117,122,1.0,0.3333,0,0,1,0.4,0,2,3,access,climate,0,0,1,0,2
117,123,0.0,0.3333,0,0,1,0.9,0,4,3,access,security,0,0,1,0,0
117,124,0.25,0.0,0,0,1,0.4,0,4,3,access,audio,0,0,1,0,0
117,125,0.0,0.3333,0,0,0,0.4,0,4,3,access,energy,0,0,1,1,0
117,126,0.3333,0.5,0,0,1,0.4,0,3,2,access,access,0,0,1,0,1
117,127,0.0,0.3333,0,0,0,0.4,0,4,3,access,energy,0,0,1,1,0
117,128,0.5,1.0,0,0,0,0.4,0,2,1,access,audio,0,1,1,1,1
117,129,0.0,0.0,0,0,1,0.4,0,3,2,access,climate,0,0,1,0,0
118,119,0.0,0.5,1,0,1,0.4,0,2,2,security,climate,0,0,1,0,2
118,120,0.0,0.3333,0,0,1,0.7,0,2,3,security,energy,0,1,1,0,0
118,121,0.0,0.0,0,0,1,0.9,0,3,2,security,access,0,0,1,0,0
118,122,0.0,0.3333,0,0,1,0.4,0,3,3,security,climate,0,0,1,0,0
118,123,0.5,0.3333,0,0,1,1.0,0,2,3,security,security,0,0,1,0,1
118,124,0.0,0.5,0,0,1,0.4,0,4,2,security,audio,0,0,1,0,0
118,125,0.0,0.3333,0,0,0,0.7,0,3,3,security,energy,0,0,1,1,0
118,126,0.0,0.0,0,0,1,0.9,0,3,3,security,access,0,0,1,0,0
118,127,0.0,0.3333,0,0,0,0.7,0,3,3,security,energy,0,0,1,1,0
118,128,0.0,0.0,0,0,0,0.4,0,2,2,security,audio,0,1,1,1,0
118,129,0.0,0.0,0,0,1,0.4,0,2,2,security,climate,0,0,1,0,0
119,120,0.0,0.6667,0,0,1,0.9,0,2,3,climate,energy,0,1,0,0,1
119,121,0.5,0.0,0,0,1,0.4,0,2,3,climate,access,0,0,0,0,1
119,122,0.0,0.6667,0,0,1,0.4,0,3,3,climate,climate,0,0,0,0,1
119,123,0.0,0.6667,0,0,1,0.4,0,3,3,climate,security,0,0,0,0,1
119,124,0.3333,0.3333,0,0,1,0.4,0,3,3,climate,audio,0,0,0,0,1
119,125,0.0,0.6667,0,0,1,0.9,0,3,3,climate,energy,0,0,0,1,1
119,126,0.0,0.3333,0,0,1,0.4,0,3,3,climate,access,0,0,0,0,0
119,127,0.5,0.6667,0,0,1,0.9,0,2,3,climate,energy,0,0,0,1,2
119,128,0.0,0.5,0,0,1,0.4,0,2,2,climate,audio,0,1,0,1,0
119,129,0.0,0.0,0,0,1,0.4,0,2,3,climate,climate,0,0,0,0,0
120,121,0.0,0.3333,0,0,1,0.4,0,3,3,energy,access,1,0,0,0,0
120,122,0.0,1.0,0,0,1,0.9,0,3,3,energy,climate,1,0,0,0,1
120,123,0.0,1.0,0,0,1,0.7,0,3,3,energy,security,1,0,0,0,1
120,124,0.0,0.6667,0,0,1,0.4,0,4,3,energy,audio,1,0,0,0,1
120,125,0.5,1.0,0,0,1,0.4,0,2,3,energy,energy,1,0,0,1,2
120,126,0.0,0.6667,0,0,1,0.4,0,3,3,energy,access,1,0,0,0,1
120,127,0.5,1.0,0,0,1,0.4,0,2,3,energy,energy,1,0,0,1,2
120,128,0.0,0.3333,0,0,1,0.4,1,2,3,energy,audio,1,1,0,1,0
120,129,1.0,0.3333,0,0,1,0.9,0,1,3,energy,climate,1,0,0,0,1
121,122,0.3333,0.3333,1,0,1,0.4,0,3,3,access,climate,0,0,0,0,1
121,123,0.0,0.3333,0,0,1,0.9,0,4,3,access,security,0,0,0,0,0
121,124,0.6667,0.5,0,0,1,0.4,0,3,2,access,audio,0,0,0,0,1
121,125,0.0,0.3333,0,0,1,0.4,0,4,3,access,energy,0,0,0,1,0
121,126,0.0,0.5,0,0,1,0.4,0,4,2,access,access,0,0,0,0,0
121,127,0.3333,0.3333,0,0,1,0.4,0,3,3,access,energy,0,0,0,1,1
121,128,0.5,0.0,0,0,1,0.4,0,2,2,access,audio,0,1,0,1,1
121,129,0.0,1.0,0,0,1,0.4,0,3,1,access,climate,0,0,0,0,1
122,123,0.0,1.0,0,0,1,0.4,0,4,3,climate,security,0,0,0,0,1
122,124,0.25,0.6667,0,0,1,0.4,0,4,3,climate,audio,0,0,0,0,1
122,125,0.0,1.0,0,0,1,0.9,0,4,3,climate,energy,0,0,0,1,1
122,126,0.3333,0.6667,0,0,1,0.4,0,3,3,climate,access,0,0,0,0,1
122,127,0.0,1.0,0,0,1,0.9,0,4,3,climate,energy,0,0,0,1,1
122,128,0.5,0.3333,0,0,1,0.4,0,2,3,climate,audio,0,1,0,1,1
122,129,0.0,0.3333,0,0,1,0.4,0,3,3,climate,climate,0,0,0,0,0
123,124,0.25,0.6667,0,0,1,0.4,0,4,3,security,audio,0,0,0,0,1
123,125,0.3333,1.0,0,0,1,0.7,0,3,3,security,energy,0,0,0,1,2
123,126,0.3333,0.6667,0,0,1,0.9,0,3,3,security,access,0,0,0,0,1
123,127,0.0,1.0,0,0,1,0.7,0,4,3,security,energy,0,0,0,1,1
123,128,0.0,0.3333,1,0,1,0.4,0,3,3,security,audio,0,1,0,1,1
123,129,0.0,0.3333,0,0,1,0.4,0,3,3,security,climate,0,0,0,0,0
124,125,0.25,0.6667,1,0,1,0.4,0,4,3,audio,energy,0,0,0,1,1
124,126,0.25,0.3333,0,0,1,0.4,0,4,3,audio,access,0,0,0,0,1
124,127,0.25,0.6667,0,0,1,0.4,0,4,3,audio,energy,0,0,0,1,1
124,128,0.3333,0.0,0,0,1,0.4,0,3,3,audio,audio,0,1,0,1,0
124,129,0.0,0.5,0,0,1,0.4,0,4,2,audio,climate,0,0,0,0,0
125,126,0.3333,0.6667,0,0,1,0.4,0,3,3,energy,access,0,0,1,0,1
125,127,0.3333,1.0,0,0,0,0.4,0,3,3,energy,energy,0,0,1,1,1
125,128,0.0,0.3333,0,0,0,0.4,0,3,3,energy,audio,0,1,1,1,0
125,129,0.5,0.3333,0,0,1,0.9,0,2,3,energy,climate,0,0,1,0,1
126,127,0.0,0.6667,0,0,1,0.4,0,4,3,access,energy,0,0,0,1,1
126,128,0.0,0.5,0,0,1,0.4,0,3,2,access,audio,0,1,0,1,0
126,129,0.0,0.5,0,0,1,0.4,0,3,2,access,climate,0,0,0,0,0
127,128,0.0,0.3333,0,0,0,0.4,0,3,3,energy,audio,0,1,1,1,0
127,129,0.5,0.3333,0,0,1,0.9,0,2,3,energy,climate,0,0,1,0,1
128,129,0.0,0.0,0,0,1,0.4,0,2,2,audio,climate,1,0,1,0,0
